booking_id,customer_id,status,check_in,check_out,no_of_rooms,hotel_id,,amount,discount,date_of_booking
170,9197,Cancelled,2022-01-14,2022-01-15,1,757,,3137,796,2022-01-01
171,9197,Cancelled,2022-01-16,2022-01-17,1,757,,3137,663,2022-01-01
583,11659,Stayed,2022-01-01,2022-01-02,2,16,,6237,1320,2022-01-01
642,14499,Cancelled,2022-01-16,2022-01-18,10,346,,59254,12535,2022-01-01
569,15037,No Show,2022-01-02,2022-01-03,1,207,,1884,398,2022-01-01
882,22257,Cancelled,2022-01-01,2022-01-02,1,800,,3444,875,2022-01-01
419,29124,Cancelled,2022-01-02,2022-01-03,1,380,,2144,453,2022-01-01
436,33021,No Show,2022-01-01,2022-01-02,1,62,,2252,476,2022-01-01
889,65208,Stayed,2022-01-01,2022-01-02,1,117,,5589,1419,2022-01-01
17,66762,Stayed,2022-01-07,2022-01-08,1,109,,3509,743,2022-01-01
153,77179,Stayed,2022-01-02,2022-01-06,1,106,,11887,2515,2022-01-01
545,81709,Cancelled,2022-01-02,2022-01-03,1,449,,2192,464,2022-01-01
416,86098,Stayed,2022-01-01,2022-01-02,1,579,,2599,550,2022-01-01
641,86311,Stayed,2022-01-01,2022-01-02,1,346,,3199,677,2022-01-01
491,102430,Cancelled,2022-01-02,2022-01-03,1,3,,2469,523,2022-01-01
149,112913,Stayed,2022-01-29,2022-02-02,1,409,,26255,5554,2022-01-01
799,118118,Stayed,2022-01-01,2022-01-02,1,689,,4224,893,2022-01-01
445,145486,No Show,2022-01-03,2022-01-04,1,378,,4939,1045,2022-01-01
798,159297,Cancelled,2022-01-09,2022-01-13,1,164,,14815,3134,2022-01-01
895,166300,Stayed,2022-01-01,2022-01-02,1,501,,5004,1058,2022-01-01
731,168983,Cancelled,2022-01-01,2022-01-02,1,417,,2201,465,2022-01-01
856,169224,Cancelled,2022-01-08,2022-01-09,1,136,,5654,1436,2022-01-01
568,182041,No Show,2022-01-02,2022-01-03,1,207,,1884,398,2022-01-01
283,184360,Cancelled,2022-01-02,2022-01-03,1,473,,2989,759,2022-01-01
519,189769,Stayed,2022-01-01,2022-01-02,1,420,,2469,523,2022-01-01
570,196020,Cancelled,2022-01-01,2022-01-02,1,207,,2339,495,2022-01-01
624,1864,Stayed,2022-01-02,2022-01-03,1,653,,2534,536,2022-01-02
738,26536,Stayed,2022-01-09,2022-01-13,1,365,,6235,0,2022-01-02
808,38803,Stayed,2022-01-05,2022-01-06,1,628,,2597,550,2022-01-02
859,44047,Stayed,2022-01-03,2022-01-07,1,804,,17155,3629,2022-01-02
516,44356,Stayed,2022-01-02,2022-01-03,1,33,,2079,440,2022-01-02
657,45644,Stayed,2022-01-02,2022-01-04,1,50,,4807,1018,2022-01-02
977,56694,Cancelled,2022-01-02,2022-01-03,1,777,,2794,591,2022-01-02
786,57879,Cancelled,2022-01-03,2022-01-04,1,808,,2794,710,2022-01-02
83,68240,Stayed,2022-01-02,2022-01-03,1,245,,2005,425,2022-01-02
312,88939,Stayed,2022-01-02,2022-01-03,1,570,,3769,798,2022-01-02
314,88939,Stayed,2022-01-03,2022-01-04,1,570,,3509,891,2022-01-02
704,106977,Cancelled,2022-01-04,2022-01-05,1,58,,2534,644,2022-01-02
109,108129,Stayed,2022-01-02,2022-01-03,1,938,,2469,523,2022-01-02
846,120340,Stayed,2022-01-03,2022-01-04,1,330,,6824,1502,2022-01-02
31,120371,Stayed,2022-01-02,2022-01-03,1,755,,3184,809,2022-01-02
809,121394,Stayed,2022-01-03,2022-01-05,1,628,,3726,789,2022-01-02
379,124801,Cancelled,2022-01-02,2022-01-03,1,716,,3379,858,2022-01-02
434,126821,Stayed,2022-01-03,2022-01-04,2,62,,5327,1352,2022-01-02
435,126821,Stayed,2022-01-03,2022-01-04,1,62,,2664,677,2022-01-02
391,130118,No Show,2022-01-15,2022-01-16,1,147,,4029,853,2022-01-02
433,136431,Stayed,2022-01-02,2022-01-03,1,62,,2794,591,2022-01-02
41,145504,Stayed,2022-01-03,2022-01-05,1,232,,3510,891,2022-01-02
763,150171,Cancelled,2022-01-02,2022-01-03,1,655,,3509,743,2022-01-02
18,161206,Stayed,2022-01-03,2022-01-04,1,109,,2859,605,2022-01-02
418,161755,Cancelled,2022-01-02,2022-01-03,1,380,,1949,495,2022-01-02
653,162890,No Show,2022-01-07,2022-01-08,1,50,,2664,677,2022-01-02
675,187489,Cancelled,2022-01-06,2022-01-07,1,239,,2153,547,2022-01-02
244,188854,Stayed,2022-01-03,2022-01-04,1,315,,3704,941,2022-01-02
785,7326,Stayed,2022-01-03,2022-01-04,1,808,,1884,479,2022-01-03
588,8605,Cancelled,2022-01-04,2022-01-05,1,955,,2144,545,2022-01-03
470,13139,Cancelled,2022-01-04,2022-01-05,1,21,,2144,545,2022-01-03
471,13139,Cancelled,2022-01-03,2022-01-04,1,21,,2144,545,2022-01-03
948,17878,Cancelled,2022-01-06,2022-01-07,1,162,,2484,630,2022-01-03
594,21152,Stayed,2022-01-04,2022-01-05,1,243,,2014,443,2022-01-03
311,27204,Cancelled,2022-01-08,2022-01-10,1,570,,9227,2420,2022-01-03
28,42387,Stayed,2022-01-09,2022-01-11,1,88,,4077,1035,2022-01-03
60,46140,Stayed,2022-01-09,2022-01-11,2,153,,12995,3409,2022-01-03
63,59454,Cancelled,2022-01-06,2022-01-08,1,128,,8577,2177,2022-01-03
64,59454,Cancelled,2022-01-05,2022-01-06,1,128,,4289,1089,2022-01-03
730,59877,Cancelled,2022-01-04,2022-01-05,1,417,,2408,509,2022-01-03
743,61602,Cancelled,2022-01-04,2022-01-05,1,459,,2534,644,2022-01-03
29,68800,Cancelled,2022-01-04,2022-01-06,1,88,,6510,1652,2022-01-03
899,71996,Stayed,2022-01-08,2022-01-10,1,186,,5457,1385,2022-01-03
11,77745,Stayed,2022-01-03,2022-01-04,1,571,,4679,1188,2022-01-03
12,77745,Cancelled,2022-01-03,2022-01-04,1,571,,4679,1188,2022-01-03
13,77745,Cancelled,2022-01-03,2022-01-04,1,571,,4679,1188,2022-01-03
159,79360,Stayed,2022-01-03,2022-01-04,1,244,,2209,561,2022-01-03
378,82702,Cancelled,2022-01-06,2022-01-08,1,716,,6887,1748,2022-01-03
414,82702,Stayed,2022-01-06,2022-01-08,1,579,,4547,1154,2022-01-03
577,83735,Stayed,2022-01-05,2022-01-06,1,629,,2079,528,2022-01-03
313,88939,Stayed,2022-01-04,2022-01-05,1,570,,3119,792,2022-01-03
544,99794,Stayed,2022-01-03,2022-01-04,1,449,,2042,536,2022-01-03
810,103317,Stayed,2022-01-03,2022-01-04,1,628,,2236,568,2022-01-03
411,110402,Cancelled,2022-01-06,2022-01-07,1,348,,1949,495,2022-01-03
232,119466,Cancelled,2022-01-04,2022-01-05,1,299,,3639,924,2022-01-03
663,128702,Cancelled,2022-01-07,2022-01-08,1,241,,1949,495,2022-01-03
578,136431,Stayed,2022-01-03,2022-01-04,1,629,,2209,561,2022-01-03
567,137115,Stayed,2022-01-06,2022-01-07,1,207,,1884,479,2022-01-03
907,141373,Stayed,2022-01-04,2022-01-05,1,261,,2144,545,2022-01-03
299,143338,Stayed,2022-01-03,2022-01-04,1,170,,2209,561,2022-01-03
192,154952,Stayed,2022-01-26,2022-01-27,1,280,,1832,387,2022-01-03
998,158173,Stayed,2022-01-03,2022-01-04,1,754,,4744,1205,2022-01-03
586,178968,Stayed,2022-01-03,2022-01-04,1,955,,1819,462,2022-01-03
656,3449,Stayed,2022-01-04,2022-01-05,1,50,,2989,759,2022-01-04
531,4595,Cancelled,2022-01-06,2022-01-07,1,37,,2339,594,2022-01-04
784,7326,Stayed,2022-01-04,2022-01-05,1,808,,1884,479,2022-01-04
135,12023,Stayed,2022-01-07,2022-01-08,1,894,,2794,710,2022-01-04
290,19017,Cancelled,2022-01-06,2022-01-07,1,397,,5069,1287,2022-01-04
739,26536,Cancelled,2022-02-09,2022-02-10,1,365,,1819,0,2022-01-04
949,35923,Cancelled,2022-01-04,2022-01-05,1,162,,1665,422,2022-01-04
918,37981,Stayed,2022-01-04,2022-01-05,1,59,,1884,494,2022-01-04
158,49442,Cancelled,2022-01-05,2022-01-06,1,244,,2079,528,2022-01-04
728,50174,Stayed,2022-01-04,2022-01-05,1,417,,2566,651,2022-01-04
729,50174,Cancelled,2022-01-04,2022-01-05,1,417,,2951,649,2022-01-04
640,59866,Stayed,2022-01-04,2022-01-05,1,346,,1949,512,2022-01-04
282,75870,Stayed,2022-01-04,2022-01-05,1,473,,2144,545,2022-01-04
410,80621,Cancelled,2022-01-08,2022-01-09,1,960,,3169,832,2022-01-04
797,81775,Cancelled,2022-01-23,2022-01-24,1,704,,2469,523,2022-01-04
57,89928,Stayed,2022-01-06,2022-01-07,2,486,,5067,1286,2022-01-04
982,92590,Cancelled,2022-01-28,2022-01-29,1,677,,3119,660,2022-01-04
781,96106,Stayed,2022-01-18,2022-01-21,1,808,,6431,1632,2022-01-04
204,119500,Cancelled,2022-01-04,2022-01-05,1,219,,2209,561,2022-01-04
845,120340,Stayed,2022-01-04,2022-01-05,1,330,,6499,1650,2022-01-04
792,131261,Cancelled,2022-01-05,2022-01-06,1,342,,2339,594,2022-01-04
582,134836,Stayed,2022-01-12,2022-01-13,1,16,,3119,792,2022-01-04
906,141373,Stayed,2022-01-05,2022-01-06,1,261,,2079,528,2022-01-04
298,143338,Stayed,2022-01-04,2022-01-05,1,170,,2014,512,2022-01-04
665,146622,Stayed,2022-01-04,2022-01-05,1,241,,2014,512,2022-01-04
381,163768,Stayed,2022-01-06,2022-01-08,1,135,,5457,1431,2022-01-04
48,164024,Stayed,2022-01-04,2022-01-05,1,160,,2924,767,2022-01-04
281,165056,Stayed,2022-01-05,2022-01-06,1,473,,2469,648,2022-01-04
664,182860,Stayed,2022-01-05,2022-01-06,1,241,,2014,512,2022-01-04
888,183245,Cancelled,2022-01-07,2022-01-08,1,117,,5589,1419,2022-01-04
654,3449,Stayed,2022-01-05,2022-01-06,1,50,,2989,759,2022-01-05
532,3770,Stayed,2022-01-05,2022-01-06,1,37,,2339,594,2022-01-05
984,4675,Stayed,2022-01-13,2022-01-14,1,677,,2404,508,2022-01-05
518,11332,Stayed,2022-01-08,2022-01-14,1,420,,11692,2968,2022-01-05
517,13139,Cancelled,2022-01-05,2022-01-06,1,33,,2144,545,2022-01-05
872,13794,Cancelled,2022-01-06,2022-01-07,1,234,,4874,1278,2022-01-05
896,14742,Stayed,2022-01-05,2022-01-06,1,546,,6044,1535,2022-01-05
597,18314,Cancelled,2022-01-06,2022-01-07,1,399,,2534,644,2022-01-05
376,23913,Stayed,2022-01-05,2022-01-06,1,716,,2859,726,2022-01-05
377,23913,Cancelled,2022-01-05,2022-01-06,1,716,,3119,818,2022-01-05
388,23913,Cancelled,2022-01-05,2022-01-06,1,25,,3054,776,2022-01-05
187,33193,Stayed,2022-01-05,2022-01-06,1,691,,2648,672,2022-01-05
788,42878,Cancelled,2022-01-27,2022-01-30,2,703,,19297,4245,2022-01-05
173,43374,Stayed,2022-01-06,2022-01-07,2,757,,6201,1574,2022-01-05
132,47942,Stayed,2022-01-15,2022-01-16,1,84,,1819,462,2022-01-05
34,49442,Stayed,2022-01-05,2022-01-06,1,859,,2144,545,2022-01-05
134,49619,Stayed,2022-01-27,2022-01-29,1,894,,6627,1682,2022-01-05
136,49619,Cancelled,2022-01-27,2022-01-29,1,894,,5847,1238,2022-01-05
62,59454,Cancelled,2022-01-05,2022-01-08,1,128,,12281,3117,2022-01-05
947,60406,Cancelled,2022-01-06,2022-01-07,1,162,,3649,926,2022-01-05
284,62184,Cancelled,2022-01-07,2022-01-08,1,473,,2469,627,2022-01-05
75,66504,Stayed,2022-01-06,2022-01-09,1,583,,6104,1291,2022-01-05
95,66504,Cancelled,2022-01-05,2022-01-06,1,944,,1745,370,2022-01-05
770,69073,Stayed,2022-01-06,2022-01-07,1,505,,2209,561,2022-01-05
993,72656,Cancelled,2022-01-09,2022-01-13,1,614,,11695,2969,2022-01-05
999,72656,Stayed,2022-01-09,2022-01-13,1,509,,12215,3101,2022-01-05
400,74325,No Show,2022-01-05,2022-01-06,1,366,,2062,541,2022-01-05
756,77935,Stayed,2022-01-06,2022-01-07,1,522,,1949,495,2022-01-05
893,90036,Stayed,2022-01-06,2022-01-07,1,68,,4029,1023,2022-01-05
343,92904,Cancelled,2022-01-12,2022-01-13,1,296,,3444,728,2022-01-05
359,92904,Cancelled,2022-01-11,2022-01-12,1,92,,3054,646,2022-01-05
363,92904,Stayed,2022-01-10,2022-01-11,1,205,,2599,550,2022-01-05
401,93264,Stayed,2022-01-05,2022-01-06,1,366,,1300,330,2022-01-05
161,95113,Stayed,2022-01-06,2022-01-09,1,408,,6626,1682,2022-01-05
195,100627,Cancelled,2022-01-08,2022-01-09,1,633,,4289,1089,2022-01-05
196,100627,Cancelled,2022-01-08,2022-01-09,1,888,,3379,858,2022-01-05
133,115548,No Show,2022-01-06,2022-01-09,1,84,,5456,0,2022-01-05
741,141761,Cancelled,2022-01-05,2022-01-06,1,365,,1754,0,2022-01-05
707,146584,Cancelled,2022-01-05,2022-01-06,1,448,,2079,528,2022-01-05
833,148275,Stayed,2022-01-05,2022-01-06,1,124,,1314,333,2022-01-05
47,148431,Stayed,2022-01-05,2022-01-06,1,684,,2794,710,2022-01-05
655,149241,Stayed,2022-01-05,2022-01-06,1,50,,2989,759,2022-01-05
831,152455,Cancelled,2022-01-22,2022-01-24,1,124,,6201,1312,2022-01-05
205,160575,Cancelled,2022-01-07,2022-01-08,1,637,,2339,594,2022-01-05
465,160722,Stayed,2022-01-05,2022-01-06,1,263,,1819,462,2022-01-05
76,163261,Cancelled,2022-01-06,2022-01-07,1,583,,2274,578,2022-01-05
894,168358,Stayed,2022-01-05,2022-01-06,1,68,,4419,1122,2022-01-05
639,175626,Cancelled,2022-01-05,2022-01-06,1,346,,2404,630,2022-01-05
607,181852,Stayed,2022-01-05,2022-01-06,1,131,,1624,426,2022-01-05
249,189124,Stayed,2022-01-05,2022-01-06,1,557,,2989,759,2022-01-05
638,192035,Stayed,2022-01-07,2022-01-08,1,346,,2404,611,2022-01-05
490,193175,Stayed,2022-01-05,2022-01-06,1,3,,2144,545,2022-01-05
334,195741,No Show,2022-01-10,2022-01-11,1,301,,2859,605,2022-01-05
575,197313,Stayed,2022-01-06,2022-01-08,1,629,,4157,914,2022-01-05
280,5049,Stayed,2022-01-08,2022-01-09,1,473,,2469,627,2022-01-06
488,6033,Cancelled,2022-01-07,2022-01-08,1,3,,2209,580,2022-01-06
319,9198,Stayed,2022-01-06,2022-01-07,1,901,,4354,1106,2022-01-06
702,9338,Stayed,2022-01-06,2022-01-07,1,58,,3574,937,2022-01-06
524,13951,Stayed,2022-01-07,2022-01-09,1,305,,4547,1154,2022-01-06
762,16744,Stayed,2022-01-06,2022-01-07,1,323,,2339,594,2022-01-06
289,19017,No Show,2022-01-08,2022-01-09,1,397,,5069,1287,2022-01-06
358,38803,Stayed,2022-01-09,2022-01-13,1,92,,10395,2639,2022-01-06
844,43500,Stayed,2022-01-10,2022-01-12,1,330,,11697,2969,2022-01-06
14,55369,Cancelled,2022-02-13,2022-02-15,1,109,,7927,1678,2022-01-06
685,59634,Cancelled,2022-01-07,2022-01-08,1,77,,2640,670,2022-01-06
943,60406,Stayed,2022-01-06,2022-01-07,1,162,,2588,657,2022-01-06
924,61396,Cancelled,2022-01-07,2022-01-08,2,670,,6367,1616,2022-01-06
354,63032,Stayed,2022-01-06,2022-01-07,1,331,,2274,578,2022-01-06
917,68922,Stayed,2022-01-07,2022-01-08,1,59,,2339,594,2022-01-06
874,75950,Stayed,2022-01-06,2022-01-07,1,885,,2079,528,2022-01-06
783,81480,Cancelled,2022-01-06,2022-01-07,1,808,,2079,528,2022-01-06
172,97775,Stayed,2022-01-07,2022-01-08,1,757,,3101,788,2022-01-06
174,97775,Cancelled,2022-01-08,2022-01-09,1,757,,3000,761,2022-01-06
82,103003,Cancelled,2022-01-06,2022-01-07,1,245,,2977,756,2022-01-06
751,111153,Stayed,2022-01-21,2022-01-22,1,522,,2599,550,2022-01-06
308,112633,Cancelled,2022-01-07,2022-01-08,1,229,,3379,858,2022-01-06
353,128226,Stayed,2022-01-07,2022-01-10,1,331,,7406,1880,2022-01-06
928,133115,Stayed,2022-01-06,2022-01-09,1,217,,7211,1830,2022-01-06
703,135460,Cancelled,2022-01-06,2022-01-08,1,58,,7277,1847,2022-01-06
186,137492,Stayed,2022-01-06,2022-01-07,1,691,,1563,331,2022-01-06
120,137573,Cancelled,2022-01-06,2022-01-07,1,597,,2729,693,2022-01-06
946,140493,No Show,2022-01-06,2022-01-07,2,162,,6786,1723,2022-01-06
190,154952,Stayed,2022-01-27,2022-01-28,1,280,,1832,387,2022-01-06
191,154952,Cancelled,2022-01-28,2022-01-29,1,280,,1832,387,2022-01-06
61,156920,Cancelled,2022-01-07,2022-01-08,1,128,,3379,858,2022-01-06
953,185192,Stayed,2022-01-16,2022-01-18,1,203,,4157,880,2022-01-06
727,190841,Stayed,2022-01-06,2022-01-07,1,417,,2270,576,2022-01-06
489,193175,Stayed,2022-01-06,2022-01-07,1,3,,2339,594,2022-01-06
415,194124,Stayed,2022-01-06,2022-01-07,1,579,,1819,462,2022-01-06
875,198997,Cancelled,2022-01-06,2022-01-12,1,885,,18057,4737,2022-01-06
270,7412,Cancelled,2022-01-20,2022-01-21,1,884,,4744,1003,2022-01-07
648,7412,Stayed,2022-01-20,2022-01-21,1,50,,2924,618,2022-01-07
551,12485,Stayed,2022-01-07,2022-01-08,1,13,,2209,561,2022-01-07
110,16015,Stayed,2022-01-07,2022-01-08,1,475,,1457,370,2022-01-07
811,16808,Cancelled,2022-01-07,2022-01-08,2,599,,3767,956,2022-01-07
834,16808,Stayed,2022-01-07,2022-01-08,2,268,,4027,1022,2022-01-07
701,20026,Stayed,2022-01-08,2022-01-09,1,58,,2859,726,2022-01-07
309,27204,Stayed,2022-01-09,2022-01-10,1,570,,2924,767,2022-01-07
310,27204,Stayed,2022-01-08,2022-01-09,1,570,,2794,733,2022-01-07
652,35292,Stayed,2022-01-07,2022-01-08,1,50,,3834,974,2022-01-07
761,44356,Stayed,2022-01-07,2022-01-08,1,323,,2339,594,2022-01-07
387,50641,Cancelled,2022-01-08,2022-01-09,1,25,,3444,0,2022-01-07
764,62188,Stayed,2022-01-07,2022-01-10,1,478,,7016,1781,2022-01-07
365,65796,Stayed,2022-01-07,2022-01-08,1,205,,2274,501,2022-01-07
651,65873,Stayed,2022-01-08,2022-01-09,1,50,,3119,792,2022-01-07
684,69402,Stayed,2022-01-07,2022-01-08,1,77,,2852,724,2022-01-07
515,85376,Stayed,2022-01-07,2022-01-08,1,33,,2729,693,2022-01-07
892,90036,Stayed,2022-01-07,2022-01-08,1,68,,5004,1271,2022-01-07
255,107631,Stayed,2022-01-08,2022-01-09,1,132,,3509,921,2022-01-07
40,119048,Cancelled,2022-01-07,2022-01-08,1,232,,3227,820,2022-01-07
512,119112,Cancelled,2022-01-14,2022-01-15,1,33,,2209,468,2022-01-07
69,122584,Stayed,2022-01-09,2022-01-11,1,846,,5717,1451,2022-01-07
542,128702,Stayed,2022-01-07,2022-01-08,1,449,,2349,596,2022-01-07
119,137573,Cancelled,2022-01-19,2022-01-20,1,597,,2664,563,2022-01-07
525,141491,Stayed,2022-01-07,2022-01-08,1,305,,2274,578,2022-01-07
740,146622,Stayed,2022-01-07,2022-01-08,1,365,,1949,0,2022-01-07
30,148431,Stayed,2022-01-07,2022-01-08,1,755,,4224,1073,2022-01-07
541,152685,Cancelled,2022-01-08,2022-01-09,1,449,,2757,700,2022-01-07
367,153421,Cancelled,2022-01-10,2022-01-11,1,205,,2274,501,2022-01-07
368,153421,Cancelled,2022-01-13,2022-01-14,1,205,,3054,672,2022-01-07
369,153421,Cancelled,2022-01-12,2022-01-13,1,205,,3054,672,2022-01-07
793,173521,Stayed,2022-01-10,2022-01-13,1,345,,7601,1929,2022-01-07
241,188854,Stayed,2022-01-09,2022-01-10,1,315,,3639,924,2022-01-07
832,191500,Cancelled,2022-01-09,2022-01-10,1,124,,2044,519,2022-01-07
637,192035,Stayed,2022-01-08,2022-01-09,1,346,,2729,693,2022-01-07
166,195788,No Show,2022-01-08,2022-01-09,1,554,,2014,512,2022-01-07
985,199293,Stayed,2022-01-07,2022-01-08,1,677,,2274,578,2022-01-07
754,3145,Stayed,2022-01-08,2022-01-09,1,522,,1884,494,2022-01-08
777,3929,Stayed,2022-01-08,2022-01-09,2,877,,5327,1352,2022-01-08
733,13378,Cancelled,2022-01-25,2022-01-26,1,417,,2090,442,2022-01-08
438,16277,Cancelled,2022-03-03,2022-03-10,1,233,,27937,5910,2022-01-08
566,21052,Stayed,2022-01-09,2022-01-10,1,207,,2014,512,2022-01-08
887,48699,Stayed,2022-01-09,2022-01-11,1,117,,9877,2507,2022-01-08
464,51987,Stayed,2022-01-08,2022-01-09,1,263,,2014,512,2022-01-08
16,60231,Stayed,2022-01-08,2022-01-09,1,109,,1949,1100,2022-01-08
366,65796,Stayed,2022-01-08,2022-01-09,1,205,,2274,578,2022-01-08
409,74325,Stayed,2022-01-08,2022-01-09,1,960,,1300,341,2022-01-08
683,75870,Cancelled,2022-01-08,2022-01-09,1,77,,2423,615,2022-01-08
152,77179,Stayed,2022-01-09,2022-01-13,1,106,,9027,2291,2022-01-08
344,126313,Stayed,2022-01-10,2022-01-11,1,296,,3054,801,2022-01-08
916,127919,Stayed,2022-01-08,2022-01-09,1,59,,1559,396,2022-01-08
242,133250,Stayed,2022-01-08,2022-01-09,1,315,,3639,924,2022-01-08
370,153421,Cancelled,2022-01-11,2022-01-12,1,205,,2729,716,2022-01-08
915,161333,Stayed,2022-01-08,2022-01-09,1,59,,1559,396,2022-01-08
188,171363,Stayed,2022-01-09,2022-01-10,1,691,,1859,472,2022-01-08
623,171782,Stayed,2022-01-09,2022-01-10,1,653,,1754,446,2022-01-08
778,3929,Stayed,2022-01-10,2022-01-11,1,877,,3054,801,2022-01-09
779,3929,Stayed,2022-01-09,2022-01-10,2,877,,5327,1397,2022-01-09
487,5977,Stayed,2022-01-09,2022-01-10,1,3,,926,235,2022-01-09
503,13131,Stayed,2022-01-21,2022-01-22,1,33,,2144,453,2022-01-09
940,15533,Stayed,2022-01-09,2022-01-10,1,162,,3901,990,2022-01-09
202,21667,Stayed,2022-01-10,2022-01-12,1,627,,3224,846,2022-01-09
139,33288,Stayed,2022-01-11,2022-01-12,1,612,,2599,660,2022-01-09
682,33581,Stayed,2022-01-11,2022-01-12,1,77,,2363,501,2022-01-09
100,37423,Stayed,2022-01-16,2022-01-20,1,86,,10587,2240,2022-01-09
15,42531,Stayed,2022-01-09,2022-01-10,1,109,,1949,1100,2022-01-09
352,45412,Stayed,2022-01-10,2022-01-11,1,331,,2469,627,2022-01-09
695,52445,Stayed,2022-01-11,2022-01-12,1,364,,2079,440,2022-01-09
337,60557,Cancelled,2022-01-10,2022-01-11,1,301,,3444,875,2022-01-09
364,65796,Stayed,2022-01-09,2022-01-10,1,205,,2274,578,2022-01-09
622,74860,Cancelled,2022-01-11,2022-01-12,1,653,,2469,523,2022-01-09
155,76850,Stayed,2022-01-09,2022-01-10,1,874,,1104,281,2022-01-09
189,85876,Stayed,2022-01-14,2022-01-28,1,280,,25644,5425,2022-01-09
39,88392,Stayed,2022-01-13,2022-01-16,1,232,,9676,2047,2022-01-09
432,89811,Stayed,2022-01-09,2022-01-10,1,62,,1689,429,2022-01-09
124,106210,Cancelled,2022-01-19,2022-01-20,1,154,,2534,558,2022-01-09
246,119466,Cancelled,2022-01-11,2022-01-12,1,309,,2599,660,2022-01-09
342,126313,Stayed,2022-01-11,2022-01-12,1,296,,2989,784,2022-01-09
789,131261,Stayed,2022-01-09,2022-01-10,1,703,,4029,1023,2022-01-09
147,133399,Stayed,2022-01-18,2022-01-19,1,975,,2100,462,2022-01-09
207,137492,Stayed,2022-01-09,2022-01-10,1,635,,1754,446,2022-01-09
941,140493,No Show,2022-01-09,2022-01-10,2,162,,3765,956,2022-01-09
942,140493,Cancelled,2022-01-09,2022-01-10,1,162,,1882,477,2022-01-09
55,148274,Stayed,2022-01-16,2022-01-18,1,486,,4547,963,2022-01-09
360,153421,No Show,2022-01-12,2022-01-14,1,205,,5977,1315,2022-01-09
362,153421,No Show,2022-01-11,2022-01-12,1,205,,2501,656,2022-01-09
514,162890,Stayed,2022-01-09,2022-01-10,1,33,,1754,446,2022-01-09
437,177670,Cancelled,2022-01-09,2022-01-10,1,62,,1884,479,2022-01-09
824,187164,Stayed,2022-01-09,2022-01-10,1,758,,2859,726,2022-01-09
355,189468,Stayed,2022-01-17,2022-01-19,1,93,,4417,935,2022-01-09
27,193036,Stayed,2022-01-11,2022-01-13,1,88,,6092,1289,2022-01-09
602,195924,Cancelled,2022-01-09,2022-01-10,1,848,,2599,660,2022-01-09
603,195924,Cancelled,2022-01-09,2022-01-10,1,848,,2599,660,2022-01-09
268,2162,Stayed,2022-01-10,2022-01-11,1,31,,4159,1056,2022-01-10
250,7701,Stayed,2022-01-11,2022-01-12,1,557,,3574,756,2022-01-10
321,15767,Stayed,2022-01-14,2022-01-15,1,357,,3574,756,2022-01-10
288,19017,Stayed,2022-01-10,2022-01-11,1,397,,3379,858,2022-01-10
700,20026,Stayed,2022-01-10,2022-01-11,1,58,,3184,809,2022-01-10
45,24582,Stayed,2022-01-13,2022-01-14,1,152,,1949,413,2022-01-10
955,33926,Stayed,2022-01-15,2022-01-16,1,203,,2469,523,2022-01-10
968,43287,Stayed,2022-01-12,2022-01-13,1,685,,2014,426,2022-01-10
995,43500,Stayed,2022-01-16,2022-01-17,1,751,,5004,1058,2022-01-10
753,45089,Cancelled,2022-01-11,2022-01-12,1,522,,1884,398,2022-01-10
890,48699,Stayed,2022-01-11,2022-01-12,1,96,,5264,1381,2022-01-10
620,56421,Stayed,2022-01-11,2022-01-12,1,653,,2339,594,2022-01-10
138,67726,Stayed,2022-01-12,2022-01-13,1,612,,2339,495,2022-01-10
8,74628,Cancelled,2022-02-09,2022-02-10,1,252,,3054,646,2022-01-10
619,74860,Stayed,2022-01-11,2022-01-12,1,653,,2339,495,2022-01-10
574,75070,Cancelled,2022-01-10,2022-01-11,1,629,,2144,545,2022-01-10
864,81672,Cancelled,2022-01-10,2022-01-11,1,226,,2404,0,2022-01-10
965,83686,Stayed,2022-01-14,2022-01-15,1,574,,2404,508,2022-01-10
621,87764,Cancelled,2022-01-10,2022-01-11,1,653,,1884,479,2022-01-10
380,98338,Cancelled,2022-01-10,2022-01-11,1,462,,2924,767,2022-01-10
111,117378,Stayed,2022-01-11,2022-01-13,1,248,,5717,1210,2022-01-10
486,123820,Stayed,2022-01-11,2022-01-12,1,3,,2079,440,2022-01-10
262,128921,Cancelled,2022-01-10,2022-01-11,1,883,,1620,425,2022-01-10
606,136456,Stayed,2022-01-10,2022-01-11,1,131,,1559,396,2022-01-10
251,152290,Stayed,2022-01-10,2022-01-11,1,557,,2664,677,2022-01-10
261,159422,Stayed,2022-01-10,2022-01-11,1,883,,2102,534,2022-01-10
240,159675,No Show,2022-01-10,2022-01-11,2,315,,6237,1583,2022-01-10
978,162221,Cancelled,2022-01-16,2022-01-20,1,206,,14035,3088,2022-01-10
807,177898,Cancelled,2022-01-10,2022-01-11,1,628,,1495,380,2022-01-10
458,183557,Cancelled,2022-01-11,2022-01-12,1,74,,2599,660,2022-01-10
457,193175,Stayed,2022-01-10,2022-01-12,1,74,,4547,1154,2022-01-10
565,7970,Stayed,2022-01-11,2022-01-12,1,207,,1949,413,2022-01-11
974,8380,Stayed,2022-01-11,2022-01-12,1,44,,1624,343,2022-01-11
850,13601,Stayed,2022-01-11,2022-01-12,1,750,,3054,801,2022-01-11
463,21052,Stayed,2022-01-11,2022-01-12,1,263,,2014,426,2022-01-11
966,21694,No Show,2022-01-13,2022-01-14,1,574,,2404,508,2022-01-11
431,24838,Stayed,2022-01-11,2022-01-12,1,62,,2209,468,2022-01-11
706,28584,Cancelled,2022-01-13,2022-01-14,1,448,,2209,486,2022-01-11
956,39744,Cancelled,2022-01-15,2022-01-16,1,203,,2924,743,2022-01-11
351,45412,Stayed,2022-01-11,2022-01-12,1,331,,2599,550,2022-01-11
650,45644,Stayed,2022-01-11,2022-01-13,1,50,,5977,1265,2022-01-11
185,53022,No Show,2022-01-11,2022-01-12,1,691,,1856,0,2022-01-11
877,67726,Stayed,2022-01-11,2022-01-12,1,288,,3769,798,2022-01-11
56,71382,Stayed,2022-01-12,2022-01-14,1,486,,4287,943,2022-01-11
992,72674,Stayed,2022-01-11,2022-01-14,1,594,,11384,2987,2022-01-11
530,75070,Cancelled,2022-01-11,2022-01-12,1,37,,1884,398,2022-01-11
97,77745,Cancelled,2022-03-05,2022-03-08,1,86,,9859,2086,2022-01-11
98,77745,Cancelled,2022-03-11,2022-03-14,1,86,,9859,2086,2022-01-11
228,78264,Cancelled,2022-01-14,2022-01-15,1,299,,3509,772,2022-01-11
796,81775,Cancelled,2022-01-20,2022-01-21,1,704,,2534,536,2022-01-11
973,86742,Stayed,2022-01-11,2022-01-12,2,44,,3962,1005,2022-01-11
361,92904,Stayed,2022-01-11,2022-01-12,1,205,,2924,618,2022-01-11
538,105510,Stayed,2022-01-15,2022-01-16,1,449,,2783,589,2022-01-11
338,114013,Cancelled,2022-03-09,2022-03-11,1,296,,6692,1416,2022-01-11
339,114013,Cancelled,2022-03-07,2022-03-09,1,296,,6757,1430,2022-01-11
459,116791,Cancelled,2022-01-12,2022-01-13,1,116,,1689,358,2022-01-11
927,135873,Stayed,2022-01-11,2022-01-12,1,217,,1559,409,2022-01-11
210,137492,Stayed,2022-01-11,2022-01-12,1,635,,1754,371,2022-01-11
297,143338,Stayed,2022-01-11,2022-01-12,1,170,,1949,413,2022-01-11
996,162418,Stayed,2022-01-12,2022-01-13,1,751,,4029,853,2022-01-11
239,188854,Stayed,2022-01-11,2022-01-12,1,315,,3509,743,2022-01-11
802,189822,Stayed,2022-01-12,2022-01-13,1,586,,1689,372,2022-01-11
59,192162,Cancelled,2022-01-16,2022-01-17,1,153,,2144,453,2022-01-11
997,195264,Cancelled,2022-01-12,2022-01-13,1,751,,4289,908,2022-01-11
742,7282,Stayed,2022-01-13,2022-01-14,1,459,,2469,523,2022-01-12
715,13378,Cancelled,2022-01-25,2022-01-26,1,417,,1732,366,2022-01-12
81,17746,Cancelled,2022-01-26,2022-01-28,1,245,,6620,1400,2022-01-12
860,18527,Stayed,2022-02-21,2022-02-23,1,226,,4807,0,2022-01-12
382,20597,Cancelled,2022-02-02,2022-02-06,1,135,,11955,3035,2022-01-12
800,28143,Stayed,2022-01-22,2022-01-28,1,666,,18712,4116,2022-01-12
801,28143,Stayed,2022-01-22,2022-01-25,1,666,,8576,1887,2022-01-12
523,30963,Stayed,2022-01-13,2022-01-14,1,305,,2209,468,2022-01-12
855,38733,Cancelled,2022-03-03,2022-03-07,1,136,,21055,4454,2022-01-12
350,45412,Stayed,2022-01-12,2022-01-13,1,331,,2404,508,2022-01-12
976,45445,Stayed,2022-01-12,2022-01-13,1,777,,1884,479,2022-01-12
511,46697,No Show,2022-01-13,2022-01-14,1,33,,2209,468,2022-01-12
443,50900,Cancelled,2022-01-12,2022-01-13,1,313,,2729,601,2022-01-12
694,78454,Cancelled,2022-01-13,2022-01-14,1,364,,2014,426,2022-01-12
732,78454,No Show,2022-01-12,2022-01-13,1,417,,2032,430,2022-01-12
617,87764,Stayed,2022-01-12,2022-01-13,1,653,,1754,446,2022-01-12
618,87764,Cancelled,2022-01-12,2022-01-13,1,653,,1754,446,2022-01-12
726,93144,Cancelled,2022-01-14,2022-01-15,1,417,,1732,381,2022-01-12
806,97682,Cancelled,2022-01-15,2022-01-18,1,628,,5214,1103,2022-01-12
881,107187,Stayed,2022-01-12,2022-01-13,1,800,,3704,783,2022-01-12
564,108169,Cancelled,2022-01-20,2022-01-21,1,207,,1949,413,2022-01-12
357,119314,Cancelled,2022-01-16,2022-01-17,1,92,,2404,508,2022-01-12
336,119466,Cancelled,2022-01-13,2022-01-14,1,301,,3379,858,2022-01-12
725,125141,Cancelled,2022-01-14,2022-01-15,1,417,,1732,366,2022-01-12
485,138579,Cancelled,2022-01-15,2022-01-21,6,3,,91962,20231,2022-01-12
939,140493,No Show,2022-01-12,2022-01-13,1,162,,2487,526,2022-01-12
722,142186,Stayed,2022-01-15,2022-01-16,1,417,,1732,366,2022-01-12
422,163779,Stayed,2022-01-12,2022-01-13,1,441,,3119,660,2022-01-12
593,168886,Cancelled,2022-01-14,2022-01-15,1,523,,2404,508,2022-01-12
267,182461,Cancelled,2022-01-16,2022-01-18,1,31,,9747,2474,2022-01-12
804,186338,Cancelled,2022-01-23,2022-01-25,2,628,,8445,1786,2022-01-12
229,188854,Cancelled,2022-01-12,2022-01-13,1,299,,2924,618,2022-01-12
305,189707,Cancelled,2022-01-13,2022-01-15,1,73,,5717,1210,2022-01-12
130,191775,Stayed,2022-01-16,2022-01-17,1,84,,2079,440,2022-01-12
736,16173,Cancelled,2022-01-18,2022-01-19,1,365,,1494,0,2022-01-13
372,20154,Stayed,2022-01-13,2022-01-14,1,668,,3184,673,2022-01-13
269,33978,Stayed,2022-01-15,2022-01-16,1,884,,4874,1073,2022-01-13
301,34654,Stayed,2022-01-16,2022-01-17,1,73,,2209,468,2022-01-13
825,35857,Stayed,2022-01-13,2022-01-16,1,140,,14621,3216,2022-01-13
469,49431,Stayed,2022-01-13,2022-01-14,1,21,,2469,523,2022-01-13
303,53976,Stayed,2022-01-14,2022-01-15,1,73,,2209,468,2022-01-13
94,62595,Cancelled,2022-01-27,2022-01-30,2,944,,21212,5385,2022-01-13
868,66504,Stayed,2022-01-14,2022-01-17,1,267,,16766,3546,2022-01-13
151,77179,Stayed,2022-01-13,2022-01-14,1,106,,2469,523,2022-01-13
104,78626,Stayed,2022-01-13,2022-01-14,1,837,,3444,728,2022-01-13
150,82881,Stayed,2022-02-13,2022-02-15,1,106,,6627,1403,2022-01-13
442,111950,Stayed,2022-01-13,2022-01-14,1,313,,2729,578,2022-01-13
477,138882,Stayed,2022-01-13,2022-01-15,1,29,,3442,728,2022-01-13
937,140493,No Show,2022-01-13,2022-01-14,1,162,,2371,502,2022-01-13
938,140493,Cancelled,2022-01-13,2022-01-14,2,162,,4826,1021,2022-01-13
74,140507,Cancelled,2022-01-17,2022-01-18,2,583,,5327,1128,2022-01-13
296,143338,Stayed,2022-01-13,2022-01-14,1,170,,2404,508,2022-01-13
392,151526,Cancelled,2022-01-14,2022-01-15,1,147,,3704,941,2022-01-13
969,171124,Cancelled,2022-01-22,2022-01-23,1,569,,2729,578,2022-01-13
430,177670,Stayed,2022-01-13,2022-01-14,1,62,,1754,371,2022-01-13
304,189707,Stayed,2022-01-13,2022-01-15,1,73,,5717,1210,2022-01-13
441,7936,Stayed,2022-01-14,2022-01-15,1,313,,2729,578,2022-01-14
737,8066,Cancelled,2022-01-14,2022-01-15,1,365,,1949,0,2022-01-14
746,12781,Stayed,2022-01-14,2022-01-15,1,489,,3119,660,2022-01-14
901,23250,Stayed,2022-01-14,2022-01-15,1,500,,2014,426,2022-01-14
596,23806,Cancelled,2022-01-15,2022-01-16,1,399,,2209,561,2022-01-14
717,28914,Stayed,2022-01-20,2022-01-21,1,417,,1732,381,2022-01-14
591,33493,Stayed,2022-01-14,2022-01-15,2,523,,4157,880,2022-01-14
699,33945,Cancelled,2022-01-20,2022-01-22,1,58,,5457,1155,2022-01-14
302,34654,Stayed,2022-01-15,2022-01-16,1,73,,2209,468,2022-01-14
117,35354,Stayed,2022-01-15,2022-01-19,1,597,,10270,2173,2022-01-14
429,40035,Stayed,2022-01-14,2022-01-15,1,62,,2014,426,2022-01-14
428,48935,Cancelled,2022-01-15,2022-01-16,1,62,,1949,429,2022-01-14
723,50869,Stayed,2022-01-14,2022-01-15,1,417,,2900,614,2022-01-14
327,56558,Stayed,2022-01-14,2022-01-15,1,439,,3574,756,2022-01-14
636,61921,Cancelled,2022-01-15,2022-01-16,1,346,,2209,468,2022-01-14
540,62101,Stayed,2022-01-14,2022-01-15,1,449,,2192,464,2022-01-14
328,66097,Cancelled,2022-01-14,2022-01-15,1,439,,3574,908,2022-01-14
795,81775,Stayed,2022-01-20,2022-01-21,1,704,,2144,453,2022-01-14
333,84259,Stayed,2022-01-14,2022-01-15,1,301,,3379,858,2022-01-14
279,85562,Stayed,2022-01-14,2022-01-15,1,473,,2664,563,2022-01-14
990,87768,Stayed,2022-01-15,2022-01-17,1,594,,5330,1128,2022-01-14
816,106307,Stayed,2022-01-14,2022-01-15,2,862,,2795,592,2022-01-14
592,113889,Stayed,2022-01-14,2022-01-15,1,523,,2079,440,2022-01-14
509,119112,Cancelled,2022-01-21,2022-01-22,1,33,,2144,453,2022-01-14
226,121464,Stayed,2022-01-14,2022-01-15,1,299,,3509,743,2022-01-14
886,121674,Stayed,2022-01-14,2022-01-16,1,117,,10917,2310,2022-01-14
522,127661,Stayed,2022-01-14,2022-01-21,1,305,,14551,3078,2022-01-14
26,127850,Cancelled,2022-01-14,2022-01-15,1,88,,1905,403,2022-01-14
46,127850,Stayed,2022-01-14,2022-01-15,1,194,,2404,508,2022-01-14
386,128782,Cancelled,2022-01-14,2022-01-15,1,129,,3249,688,2022-01-14
563,130031,Stayed,2022-01-14,2022-01-15,1,207,,1949,413,2022-01-14
539,135460,Stayed,2022-01-14,2022-01-15,1,449,,2522,534,2022-01-14
478,138882,Cancelled,2022-01-14,2022-01-15,1,29,,2339,495,2022-01-14
935,140493,No Show,2022-01-16,2022-01-17,3,162,,6915,1463,2022-01-14
749,143237,Cancelled,2022-01-29,2022-01-30,1,522,,2599,550,2022-01-14
223,162144,Stayed,2022-01-15,2022-01-17,1,299,,6497,1429,2022-01-14
923,163001,Stayed,2022-01-14,2022-01-15,1,670,,1819,385,2022-01-14
972,165241,Cancelled,2022-01-14,2022-01-16,1,44,,4677,1187,2022-01-14
260,172006,Stayed,2022-01-14,2022-01-15,1,883,,3752,794,2022-01-14
614,178405,Stayed,2022-01-18,2022-01-19,1,653,,2274,481,2022-01-14
21,193036,Cancelled,2022-02-08,2022-02-12,1,88,,12100,2560,2022-01-14
724,196588,Stayed,2022-01-14,2022-01-15,1,417,,2734,579,2022-01-14
165,6989,Stayed,2022-01-15,2022-01-16,1,554,,2209,468,2022-01-15
287,15445,Cancelled,2022-01-18,2022-01-19,1,397,,4744,1003,2022-01-15
399,23806,No Show,2022-01-15,2022-01-16,1,366,,1495,317,2022-01-15
643,32837,Stayed,2022-01-16,2022-01-17,1,176,,2209,468,2022-01-15
828,40151,Stayed,2022-01-15,2022-01-17,1,932,,3247,824,2022-01-15
421,43523,Cancelled,2022-01-15,2022-01-16,1,396,,2989,658,2022-01-15
505,60515,Cancelled,2022-01-22,2022-01-23,1,33,,2079,440,2022-01-15
349,63032,Stayed,2022-01-15,2022-01-16,1,331,,2404,508,2022-01-15
460,67664,Cancelled,2022-01-15,2022-01-16,1,116,,1884,415,2022-01-15
484,68127,Stayed,2022-01-15,2022-01-16,1,3,,2339,495,2022-01-15
238,69769,Stayed,2022-01-18,2022-01-19,1,315,,3119,660,2022-01-15
227,72807,Cancelled,2022-01-15,2022-01-16,1,299,,3249,825,2022-01-15
375,74653,Stayed,2022-01-15,2022-01-16,1,716,,3444,758,2022-01-15
605,96563,Stayed,2022-01-15,2022-01-16,1,131,,2274,481,2022-01-15
671,99316,Stayed,2022-01-20,2022-01-23,1,239,,7391,1563,2022-01-15
93,119500,Stayed,2022-01-15,2022-01-16,1,944,,1702,360,2022-01-15
674,120625,Stayed,2022-01-15,2022-01-16,1,239,,2058,436,2022-01-15
905,129376,Cancelled,2022-01-15,2022-01-16,1,261,,2404,529,2022-01-15
198,139720,Cancelled,2022-01-20,2022-01-22,1,888,,6627,1458,2022-01-15
936,140493,No Show,2022-01-15,2022-01-16,2,162,,5364,1135,2022-01-15
919,143977,Stayed,2022-01-15,2022-01-16,2,965,,4027,853,2022-01-15
920,143977,Cancelled,2022-01-15,2022-01-16,2,965,,4027,886,2022-01-15
615,145744,Cancelled,2022-01-15,2022-01-16,1,653,,2339,495,2022-01-15
585,151502,Cancelled,2022-01-15,2022-01-16,1,955,,2339,495,2022-01-15
476,163241,Cancelled,2022-01-17,2022-01-18,1,29,,2014,426,2022-01-15
510,171636,Cancelled,2022-01-21,2022-01-22,1,33,,2079,440,2022-01-15
601,171784,Stayed,2022-01-15,2022-01-16,1,848,,2664,563,2022-01-15
33,172653,Cancelled,2022-01-15,2022-01-16,1,859,,1689,358,2022-01-15
20,193036,Cancelled,2022-02-10,2022-02-13,1,88,,9075,1920,2022-01-15
73,3580,Stayed,2022-01-17,2022-01-19,1,583,,4677,990,2022-01-16
557,10453,Cancelled,2022-01-26,2022-01-28,1,207,,3637,800,2022-01-16
529,13091,Stayed,2022-01-16,2022-01-17,1,37,,1624,343,2022-01-16
692,14755,Stayed,2022-01-16,2022-01-17,1,364,,1429,303,2022-01-16
286,15445,Cancelled,2022-01-18,2022-01-19,1,397,,4744,1003,2022-01-16
681,21854,Cancelled,2022-01-16,2022-01-17,2,77,,4004,847,2022-01-16
23,42387,Stayed,2022-01-22,2022-01-24,1,88,,4802,1016,2022-01-16
131,47942,Stayed,2022-01-16,2022-01-17,1,84,,1689,372,2022-01-16
86,50628,Stayed,2022-01-19,2022-01-20,1,56,,3704,941,2022-01-16
693,51987,Cancelled,2022-01-16,2022-01-17,1,364,,1754,371,2022-01-16
803,64904,Stayed,2022-01-21,2022-01-22,1,628,,2427,534,2022-01-16
266,64956,Stayed,2022-01-18,2022-01-19,1,31,,3899,825,2022-01-16
146,65660,Stayed,2022-01-17,2022-01-21,1,975,,7145,1572,2022-01-16
225,72807,Stayed,2022-01-16,2022-01-17,1,299,,2924,743,2022-01-16
558,77525,Stayed,2022-01-21,2022-01-22,1,207,,1819,385,2022-01-16
562,77525,Cancelled,2022-01-21,2022-01-22,1,207,,1949,413,2022-01-16
72,79348,Stayed,2022-01-16,2022-01-17,1,107,,2989,633,2022-01-16
989,87768,Stayed,2022-01-17,2022-01-20,1,594,,9887,2510,2022-01-16
991,87768,Cancelled,2022-01-17,2022-01-21,1,594,,13151,3339,2022-01-16
871,100139,Stayed,2022-01-16,2022-01-18,1,234,,8447,1858,2022-01-16
954,114490,Stayed,2022-01-16,2022-01-17,1,203,,2339,495,2022-01-16
118,119500,Stayed,2022-01-16,2022-01-17,1,597,,2555,540,2022-01-16
827,125092,Stayed,2022-01-16,2022-01-17,1,932,,1559,330,2022-01-16
231,143969,Stayed,2022-01-16,2022-01-18,1,299,,5977,1265,2022-01-16
849,146588,Stayed,2022-01-17,2022-01-18,1,750,,2859,605,2022-01-16
248,162144,Cancelled,2022-01-16,2022-01-17,1,557,,2989,633,2022-01-16
38,169327,Stayed,2022-01-20,2022-01-22,1,232,,6482,1372,2022-01-16
502,171636,Stayed,2022-01-21,2022-01-22,1,33,,2079,528,2022-01-16
224,188854,Cancelled,2022-01-17,2022-01-18,1,299,,3249,688,2022-01-16
58,192162,Stayed,2022-01-16,2022-01-17,1,153,,2339,594,2022-01-16
483,7121,Stayed,2022-01-18,2022-01-19,1,3,,2079,458,2022-01-17
561,11404,Cancelled,2022-01-19,2022-01-20,1,207,,1819,400,2022-01-17
495,19536,Stayed,2022-01-28,2022-01-29,1,33,,2079,440,2022-01-17
513,19536,Cancelled,2022-01-28,2022-01-29,1,33,,2079,440,2022-01-17
600,29619,Stayed,2022-01-18,2022-01-19,1,848,,2534,536,2022-01-17
264,29885,Stayed,2022-01-17,2022-01-18,1,565,,4354,921,2022-01-17
129,35610,Stayed,2022-01-17,2022-01-18,1,84,,2079,440,2022-01-17
662,40671,Stayed,2022-01-21,2022-01-22,1,241,,1949,413,2022-01-17
404,42551,Stayed,2022-01-18,2022-01-19,1,375,,1884,398,2022-01-17
462,53934,Cancelled,2022-01-18,2022-01-19,1,263,,2274,481,2022-01-17
710,67277,Stayed,2022-01-20,2022-01-22,1,448,,4872,1031,2022-01-17
980,72253,Cancelled,2022-02-13,2022-02-14,1,677,,3054,646,2022-01-17
876,75121,Cancelled,2022-01-20,2022-01-22,1,288,,9812,2076,2022-01-17
278,82622,Stayed,2022-01-17,2022-01-18,1,473,,2729,693,2022-01-17
857,88774,Stayed,2022-01-17,2022-01-19,2,538,,31585,6681,2022-01-17
745,89579,Stayed,2022-01-18,2022-01-19,1,489,,3444,728,2022-01-17
680,113889,Stayed,2022-01-18,2022-01-19,1,77,,2178,461,2022-01-17
92,117605,Stayed,2022-01-17,2022-01-18,2,944,,3461,733,2022-01-17
54,127850,Cancelled,2022-01-21,2022-01-22,1,486,,2469,523,2022-01-17
145,133399,Stayed,2022-01-20,2022-01-25,1,975,,10719,2358,2022-01-17
177,137492,Stayed,2022-01-17,2022-01-18,1,820,,2339,495,2022-01-17
295,143338,Stayed,2022-01-17,2022-01-18,1,170,,2014,426,2022-01-17
475,163241,Stayed,2022-01-18,2022-01-19,1,29,,2014,426,2022-01-17
164,163441,Stayed,2022-01-19,2022-01-20,1,554,,2209,468,2022-01-17
243,188854,Cancelled,2022-01-17,2022-01-18,1,315,,3054,646,2022-01-17
922,190240,Stayed,2022-01-17,2022-01-18,1,670,,1689,429,2022-01-17
720,191576,Stayed,2022-01-17,2022-01-18,1,417,,2018,427,2022-01-17
550,8353,Cancelled,2022-01-21,2022-01-22,1,13,,1949,413,2022-01-18
711,13378,Stayed,2022-02-14,2022-02-15,1,417,,1732,366,2022-01-18
571,13959,Stayed,2022-01-20,2022-01-24,1,629,,8637,1827,2022-01-18
934,14623,Cancelled,2022-01-18,2022-01-19,1,162,,2726,576,2022-01-18
771,15656,Cancelled,2022-02-27,2022-03-01,1,997,,10267,2606,2022-01-18
413,16292,Stayed,2022-01-21,2022-01-22,1,579,,2404,508,2022-01-18
116,35354,Stayed,2022-01-19,2022-01-20,1,597,,2796,592,2022-01-18
101,37423,Stayed,2022-01-18,2022-01-19,1,86,,2102,444,2022-01-18
912,37981,Cancelled,2022-01-19,2022-01-20,1,59,,2274,501,2022-01-18
755,41471,Stayed,2022-01-18,2022-01-19,1,522,,2144,453,2022-01-18
759,41471,Cancelled,2022-01-19,2022-01-20,1,323,,2664,586,2022-01-18
760,41471,Cancelled,2022-01-18,2022-01-19,1,323,,2469,523,2022-01-18
507,51987,Stayed,2022-01-19,2022-01-20,1,33,,2144,453,2022-01-18
456,55143,Cancelled,2022-01-18,2022-01-22,1,74,,10717,2267,2022-01-18
84,69750,Stayed,2022-01-24,2022-01-25,1,56,,3704,783,2022-01-18
87,69750,Cancelled,2022-01-18,2022-01-19,1,56,,3314,701,2022-01-18
508,81637,Stayed,2022-01-18,2022-01-19,1,33,,1949,429,2022-01-18
184,87218,Cancelled,2022-01-21,2022-01-24,12,691,,83538,18379,2022-01-18
549,87679,Stayed,2022-01-19,2022-01-21,1,13,,3117,685,2022-01-18
635,87764,No Show,2022-01-19,2022-01-20,1,346,,1754,371,2022-01-18
68,92309,Cancelled,2022-01-18,2022-01-19,1,250,,2079,0,2022-01-18
398,95174,Stayed,2022-01-19,2022-01-20,1,366,,2092,442,2022-01-18
837,107726,Stayed,2022-01-19,2022-01-21,1,306,,9812,2158,2022-01-18
838,107726,No Show,2022-01-19,2022-01-21,1,306,,9812,2158,2022-01-18
320,123932,Stayed,2022-01-18,2022-01-19,1,142,,3899,825,2022-01-18
847,125127,No Show,2022-01-18,2022-01-19,1,329,,6174,1359,2022-01-18
102,128513,Stayed,2022-01-18,2022-01-19,1,86,,2050,520,2022-01-18
858,132971,Stayed,2022-01-19,2022-01-21,1,804,,9097,2001,2022-01-18
71,138055,Stayed,2022-01-18,2022-01-19,1,107,,3249,825,2022-01-18
293,143338,Stayed,2022-01-19,2022-01-20,1,170,,2209,468,2022-01-18
294,143338,Stayed,2022-01-18,2022-01-19,1,170,,2209,468,2022-01-18
426,154248,Cancelled,2022-01-19,2022-01-20,1,62,,2144,453,2022-01-18
967,162727,Stayed,2022-01-21,2022-01-22,1,574,,2664,586,2022-01-18
548,165031,Cancelled,2022-01-22,2022-01-23,1,13,,2209,468,2022-01-18
200,166969,Cancelled,2022-01-20,2022-01-21,1,699,,4029,853,2022-01-18
408,181599,Stayed,2022-01-23,2022-01-25,2,960,,6360,1399,2022-01-18
52,190191,Stayed,2022-01-22,2022-01-24,1,486,,4287,943,2022-01-18
53,190191,Stayed,2022-01-19,2022-01-21,1,486,,4157,914,2022-01-18
673,6284,Cancelled,2022-01-20,2022-01-21,1,239,,2339,495,2022-01-19
277,8760,Stayed,2022-01-21,2022-01-22,1,473,,2469,523,2022-01-19
718,8875,No Show,2022-01-19,2022-01-20,1,417,,2092,531,2022-01-19
212,14687,Stayed,2022-01-19,2022-01-20,1,359,,1819,385,2022-01-19
265,24613,Stayed,2022-01-19,2022-01-20,1,31,,4159,880,2022-01-19
115,34633,No Show,2022-01-21,2022-01-22,1,597,,3205,678,2022-01-19
752,41471,Stayed,2022-01-19,2022-01-20,1,522,,2144,472,2022-01-19
481,44371,Stayed,2022-01-21,2022-01-22,1,3,,2339,495,2022-01-19
468,45625,Stayed,2022-01-19,2022-01-20,1,21,,1819,385,2022-01-19
128,47963,Stayed,2022-01-19,2022-01-20,1,84,,2209,468,2022-01-19
306,56630,Cancelled,2022-02-10,2022-02-12,1,229,,9357,1980,2022-01-19
25,62642,Stayed,2022-01-19,2022-01-21,1,88,,5002,1058,2022-01-19
805,63569,No Show,2022-01-19,2022-01-20,1,628,,1594,338,2022-01-19
768,68193,Cancelled,2022-02-17,2022-02-21,1,505,,14035,2969,2022-01-19
679,75928,Cancelled,2022-01-21,2022-01-22,1,77,,2301,487,2022-01-19
506,98373,Stayed,2022-01-20,2022-01-21,1,33,,1949,413,2022-01-19
560,98373,Cancelled,2022-01-20,2022-01-21,1,207,,1819,385,2022-01-19
123,106210,Stayed,2022-01-19,2022-01-20,1,154,,1884,398,2022-01-19
819,106973,Cancelled,2022-01-19,2022-01-20,1,192,,3834,844,2022-01-19
504,119112,Stayed,2022-01-21,2022-01-22,1,33,,1949,413,2022-01-19
230,119565,Stayed,2022-01-20,2022-01-21,1,299,,3054,776,2022-01-19
913,132187,Stayed,2022-01-19,2022-01-20,1,59,,2079,440,2022-01-19
263,134918,Stayed,2022-01-19,2022-01-20,1,883,,2253,476,2022-01-19
206,137492,Stayed,2022-01-19,2022-01-20,1,635,,1949,413,2022-01-19
482,144642,Stayed,2022-01-20,2022-01-21,1,3,,2079,458,2022-01-19
425,154248,Cancelled,2022-01-19,2022-01-20,1,62,,2144,453,2022-01-19
719,164179,Stayed,2022-01-19,2022-01-20,1,417,,1998,422,2022-01-19
744,186088,Stayed,2022-01-19,2022-01-20,1,489,,3314,701,2022-01-19
964,192084,Stayed,2022-01-20,2022-01-21,1,574,,2534,536,2022-01-19
345,193742,Stayed,2022-01-20,2022-01-22,1,421,,3832,972,2022-01-19
105,8873,Stayed,2022-01-20,2022-01-25,1,161,,7371,1560,2022-01-20
397,12255,Cancelled,2022-01-25,2022-01-27,1,366,,3201,678,2022-01-20
402,12255,Stayed,2022-01-25,2022-01-27,1,375,,3767,798,2022-01-20
403,12255,Cancelled,2022-01-25,2022-01-27,1,375,,3767,798,2022-01-20
526,13951,Stayed,2022-01-21,2022-01-22,1,305,,2014,426,2022-01-20
252,18979,Cancelled,2022-01-28,2022-01-29,1,132,,4679,990,2022-01-20
647,20133,Stayed,2022-01-21,2022-01-22,1,50,,2859,629,2022-01-20
649,20133,Cancelled,2022-01-21,2022-01-22,1,50,,2859,0,2022-01-20
245,21016,Stayed,2022-01-21,2022-01-22,1,309,,2599,550,2022-01-20
332,33359,Stayed,2022-01-21,2022-01-22,1,301,,3054,646,2022-01-20
698,33945,Stayed,2022-01-20,2022-01-22,1,58,,5327,1172,2022-01-20
107,57801,Stayed,2022-01-22,2022-01-23,1,161,,1594,338,2022-01-20
271,60319,No Show,2022-01-21,2022-01-22,1,265,,3899,990,2022-01-20
455,69450,Stayed,2022-01-20,2022-01-21,1,74,,2079,528,2022-01-20
604,80607,Stayed,2022-01-28,2022-01-29,1,131,,1819,385,2022-01-20
672,85412,Cancelled,2022-01-22,2022-01-23,1,239,,2231,472,2022-01-20
634,87764,Stayed,2022-01-20,2022-01-21,1,346,,1559,330,2022-01-20
633,91083,Stayed,2022-01-21,2022-01-22,1,346,,2534,536,2022-01-20
691,101625,Cancelled,2022-01-21,2022-01-22,1,364,,1884,398,2022-01-20
412,106764,Cancelled,2022-01-21,2022-01-22,1,579,,2274,481,2022-01-20
971,109075,Stayed,2022-01-20,2022-01-21,1,44,,1884,415,2022-01-20
904,133115,Stayed,2022-01-20,2022-01-22,1,261,,4222,893,2022-01-20
197,139720,Cancelled,2022-01-20,2022-01-22,1,888,,5912,1300,2022-01-20
292,143338,Stayed,2022-01-20,2022-01-21,1,170,,2079,440,2022-01-20
613,145744,Stayed,2022-01-20,2022-01-21,1,653,,2274,481,2022-01-20
42,154473,Stayed,2022-01-21,2022-01-22,1,195,,2924,743,2022-01-20
782,192192,Stayed,2022-01-20,2022-01-21,1,808,,2209,561,2022-01-20
696,13091,Stayed,2022-01-22,2022-01-23,1,58,,1754,371,2022-01-21
572,14601,Stayed,2022-01-21,2022-01-22,1,629,,2404,508,2022-01-21
573,14601,Cancelled,2022-01-21,2022-01-22,1,629,,1689,358,2022-01-21
113,15775,Stayed,2022-01-21,2022-01-22,1,760,,2209,468,2022-01-21
970,19964,Cancelled,2022-01-22,2022-01-23,2,44,,4547,963,2022-01-21
963,21694,No Show,2022-01-23,2022-01-24,1,574,,2079,440,2022-01-21
474,23457,Stayed,2022-01-21,2022-01-22,1,29,,2274,501,2022-01-21
396,28805,Stayed,2022-01-22,2022-01-23,1,350,,2859,1210,2022-01-21
775,33824,Stayed,2022-01-21,2022-01-22,1,877,,2404,529,2022-01-21
776,33824,Cancelled,2022-01-21,2022-01-22,1,877,,3184,673,2022-01-21
78,36787,Stayed,2022-01-26,2022-01-27,1,245,,2284,580,2022-01-21
780,43827,Cancelled,2022-01-23,2022-01-24,1,808,,4354,921,2022-01-21
879,44490,Stayed,2022-01-21,2022-01-22,1,800,,5719,1210,2022-01-21
127,46373,No Show,2022-01-25,2022-01-26,1,84,,2729,578,2022-01-21
836,50419,Cancelled,2022-01-27,2022-01-30,1,585,,6950,1764,2022-01-21
451,55143,Stayed,2022-01-22,2022-01-26,1,74,,11497,2432,2022-01-21
454,69450,Stayed,2022-01-21,2022-01-22,1,74,,2144,453,2022-01-21
870,69610,Stayed,2022-01-22,2022-01-23,1,847,,9554,2021,2022-01-21
67,70892,Stayed,2022-01-21,2022-01-22,1,250,,2664,563,2022-01-21
612,71922,Cancelled,2022-01-21,2022-01-22,2,653,,4547,963,2022-01-21
371,77837,Cancelled,2022-02-14,2022-02-17,1,668,,10331,2273,2022-01-21
424,83467,Stayed,2022-01-21,2022-01-22,1,62,,2274,481,2022-01-21
880,85307,Cancelled,2022-01-21,2022-01-22,1,800,,5719,1210,2022-01-21
259,85715,Cancelled,2022-01-21,2022-01-22,1,883,,4399,931,2022-01-21
716,94034,Cancelled,2022-01-21,2022-01-22,1,417,,2811,595,2022-01-21
885,106210,Stayed,2022-01-23,2022-01-24,1,188,,2924,1238,2022-01-21
43,108129,Stayed,2022-01-21,2022-01-22,1,195,,2534,536,2022-01-21
157,109973,Cancelled,2022-01-22,2022-01-23,1,244,,2209,561,2022-01-21
168,109973,Stayed,2022-01-21,2022-01-22,1,353,,2534,536,2022-01-21
689,110246,Stayed,2022-01-22,2022-01-23,1,364,,1949,825,2022-01-21
975,119441,Cancelled,2022-10-12,2022-10-17,1,777,,18194,0,2022-01-21
646,122472,Stayed,2022-01-21,2022-01-22,1,50,,3249,688,2022-01-21
903,133115,Stayed,2022-01-22,2022-01-23,1,261,,2404,1018,2022-01-21
209,137492,Cancelled,2022-01-21,2022-01-22,1,635,,2209,468,2022-01-21
199,150865,Cancelled,2022-01-22,2022-01-23,1,699,,4484,1898,2022-01-21
24,151804,Cancelled,2022-01-21,2022-01-22,1,88,,3236,684,2022-01-21
830,180731,Stayed,2022-01-21,2022-01-23,1,124,,4607,975,2022-01-21
194,197267,Stayed,2022-01-22,2022-01-23,1,633,,3964,0,2022-01-21
688,4121,No Show,2022-01-22,2022-01-23,1,364,,2144,545,2022-01-22
690,4121,Cancelled,2022-01-22,2022-01-23,1,364,,2144,453,2022-01-22
735,15900,Stayed,2022-01-22,2022-01-23,1,365,,1494,0,2022-01-22
697,20026,Stayed,2022-01-22,2022-01-23,1,58,,1949,413,2022-01-22
501,21418,Cancelled,2022-01-23,2022-01-24,1,33,,1689,358,2022-01-22
952,21694,Cancelled,2022-01-23,2022-01-24,1,203,,2274,481,2022-01-22
898,37363,Cancelled,2022-02-06,2022-02-11,1,186,,13644,3002,2022-01-22
37,46608,Stayed,2022-01-22,2022-01-23,1,232,,3271,831,2022-01-22
835,50419,Cancelled,2022-01-28,2022-01-30,1,585,,5262,1157,2022-01-22
453,57573,Stayed,2022-01-22,2022-01-23,1,74,,2144,545,2022-01-22
108,57801,Cancelled,2022-01-23,2022-01-24,1,161,,2088,460,2022-01-22
148,71338,Stayed,2022-01-22,2022-01-23,1,83,,2404,508,2022-01-22
611,71922,Stayed,2022-01-24,2022-01-25,2,653,,4027,853,2022-01-22
257,73708,Stayed,2022-01-24,2022-01-25,1,883,,3588,759,2022-01-22
35,112916,Stayed,2022-01-26,2022-01-28,1,232,,7093,1500,2022-01-22
867,132447,Stayed,2022-01-24,2022-01-25,2,267,,11177,2459,2022-01-22
580,134836,Stayed,2022-01-25,2022-01-26,1,16,,2729,578,2022-01-22
341,137366,Stayed,2022-01-22,2022-01-23,1,296,,3314,842,2022-01-22
944,140493,No Show,2022-01-22,2022-01-23,1,162,,2659,562,2022-01-22
945,140493,No Show,2022-01-22,2022-01-23,2,162,,5317,1125,2022-01-22
914,141064,Cancelled,2022-01-23,2022-01-24,1,59,,2209,468,2022-01-22
154,155955,Cancelled,2022-01-22,2022-01-23,1,874,,1884,479,2022-01-22
256,163562,Stayed,2022-01-26,2022-01-27,1,883,,3588,759,2022-01-22
547,165031,Stayed,2022-01-22,2022-01-23,1,13,,1819,385,2022-01-22
750,195338,Stayed,2022-01-23,2022-01-24,1,522,,2144,453,2022-01-22
160,197635,Stayed,2022-01-23,2022-01-25,1,408,,3897,857,2022-01-22
452,198590,Stayed,2022-01-22,2022-01-23,1,74,,2144,453,2022-01-22
66,6014,Stayed,2022-01-24,2022-01-25,1,402,,1754,446,2022-01-23
395,7971,Cancelled,2022-01-24,2022-01-25,1,350,,2859,605,2022-01-23
678,9671,Stayed,2022-01-25,2022-01-27,1,77,,4324,915,2022-01-23
323,13209,Cancelled,2022-01-24,2022-01-25,1,817,,4939,1045,2022-01-23
88,13402,Stayed,2022-01-24,2022-01-26,1,382,,6562,1665,2022-01-23
521,21854,Cancelled,2022-01-28,2022-01-29,1,305,,2339,495,2022-01-23
645,25479,Cancelled,2022-01-23,2022-01-24,1,50,,2729,578,2022-01-23
167,26072,Stayed,2022-01-23,2022-01-25,1,353,,3897,857,2022-01-23
417,30995,Cancelled,2022-01-27,2022-01-28,1,380,,2404,611,2022-01-23
22,42387,Stayed,2022-01-24,2022-01-25,1,88,,2474,524,2022-01-23
631,52787,Stayed,2022-01-24,2022-01-25,1,346,,1754,446,2022-01-23
772,66828,Cancelled,2022-02-20,2022-02-21,1,998,,4744,1205,2022-01-23
85,69750,Cancelled,2022-01-24,2022-01-25,1,56,,3314,701,2022-01-23
774,72025,Stayed,2022-01-23,2022-01-24,1,877,,2534,536,2022-01-23
543,78628,Stayed,2022-01-23,2022-01-24,1,449,,2206,466,2022-01-23
721,78900,Stayed,2022-01-23,2022-01-24,1,417,,2133,451,2022-01-23
79,83841,Stayed,2022-01-25,2022-01-27,1,245,,4131,1048,2022-01-23
106,83841,Cancelled,2022-01-25,2022-01-30,1,161,,8964,1896,2022-01-23
316,83896,Stayed,2022-01-25,2022-01-26,1,428,,5849,1238,2022-01-23
142,92482,Stayed,2022-01-23,2022-01-24,1,251,,2404,508,2022-01-23
687,101625,Stayed,2022-01-23,2022-01-24,1,364,,1819,385,2022-01-23
237,133250,Stayed,2022-01-24,2022-01-25,1,315,,3054,646,2022-01-23
630,150771,Cancelled,2022-01-26,2022-01-27,1,346,,2599,550,2022-01-23
794,153931,Cancelled,2022-01-24,2022-01-25,1,704,,2079,440,2022-01-23
817,158040,Cancelled,2022-01-29,2022-01-30,2,665,,6107,1343,2022-01-23
6,170766,Cancelled,2022-01-26,2022-01-29,1,252,,9614,2441,2022-01-23
326,172055,Stayed,2022-01-23,2022-01-24,1,439,,3509,743,2022-01-23
950,173243,Cancelled,2022-02-02,2022-02-03,1,203,,3184,1045,2022-01-23
714,189769,Stayed,2022-01-23,2022-01-27,1,417,,9365,1981,2022-01-23
103,190136,Cancelled,2022-01-25,2022-01-26,1,86,,1606,340,2022-01-23
247,194263,Stayed,2022-01-23,2022-01-24,1,557,,2079,440,2022-01-23
661,220,Cancelled,2022-01-25,2022-01-26,1,241,,1689,358,2022-01-24
644,4043,Cancelled,2022-01-25,2022-01-26,1,50,,2729,578,2022-01-24
556,7970,Stayed,2022-01-25,2022-01-26,1,207,,1819,385,2022-01-24
498,9133,Cancelled,2022-01-26,2022-01-27,1,33,,2404,508,2022-01-24
163,11342,Cancelled,2022-01-26,2022-01-29,1,554,,7925,1676,2022-01-24
537,16287,Stayed,2022-01-24,2022-01-25,1,449,,2192,464,2022-01-24
535,19130,Stayed,2022-01-24,2022-01-26,1,449,,3812,838,2022-01-24
533,22963,Stayed,2022-01-25,2022-01-26,1,463,,2014,426,2022-01-24
897,23705,Stayed,2022-01-24,2022-01-26,1,325,,7472,1581,2022-01-24
841,27291,Stayed,2022-01-24,2022-01-25,1,373,,2729,578,2022-01-24
221,29684,Cancelled,2022-01-28,2022-01-29,1,299,,5134,1086,2022-01-24
112,32390,Stayed,2022-01-27,2022-01-30,1,760,,13256,2916,2022-01-24
122,38109,Cancelled,2022-01-24,2022-01-25,1,154,,1212,308,2022-01-24
258,40182,Stayed,2022-01-24,2022-01-25,1,883,,3588,759,2022-01-24
156,42304,Cancelled,2022-01-26,2022-01-29,1,244,,7406,1566,2022-01-24
626,42741,Stayed,2022-01-25,2022-01-27,1,346,,5132,1086,2022-01-24
632,42741,Cancelled,2022-01-25,2022-01-26,1,346,,2534,536,2022-01-24
555,60132,Stayed,2022-01-25,2022-01-26,2,207,,4157,1055,2022-01-24
144,65660,Stayed,2022-01-25,2022-01-26,1,975,,1689,372,2022-01-24
883,97046,Cancelled,2022-03-10,2022-03-11,1,188,,3184,673,2022-01-24
677,97164,Stayed,2022-01-26,2022-01-27,1,77,,2276,482,2022-01-24
143,133399,Stayed,2022-01-25,2022-01-29,1,975,,9292,2044,2022-01-24
790,134588,No Show,2022-01-24,2022-01-25,1,979,,2989,759,2022-01-24
176,137492,Stayed,2022-01-24,2022-01-25,1,820,,2339,495,2022-01-24
863,151818,Stayed,2022-01-25,2022-01-26,1,226,,2274,0,2022-01-24
581,165303,Stayed,2022-01-24,2022-01-25,1,16,,2599,550,2022-01-24
7,182276,Stayed,2022-01-24,2022-01-25,1,252,,1980,436,2022-01-24
141,197674,Cancelled,2022-01-26,2022-01-27,1,251,,2794,591,2022-01-24
660,220,Stayed,2022-01-25,2022-01-26,1,241,,1754,371,2022-01-25
546,765,Stayed,2022-01-26,2022-01-27,1,13,,1949,578,2022-01-25
500,1864,Stayed,2022-01-25,2022-01-26,1,33,,1754,371,2022-01-25
356,2827,Stayed,2022-02-08,2022-02-10,1,93,,4157,880,2022-01-25
962,3424,Stayed,2022-01-25,2022-01-26,1,574,,2599,550,2022-01-25
273,3585,Cancelled,2022-01-27,2022-01-28,1,473,,2729,578,2022-01-25
285,19017,Stayed,2022-01-25,2022-01-26,1,397,,4289,908,2022-01-25
254,19531,Cancelled,2022-01-26,2022-01-28,1,132,,10787,2738,2022-01-25
201,29563,Stayed,2022-02-27,2022-03-03,1,627,,6776,1433,2022-01-25
668,29627,No Show,2022-01-25,2022-01-26,1,239,,2053,435,2022-01-25
669,29627,No Show,2022-01-25,2022-01-26,1,239,,2053,435,2022-01-25
670,29627,Stayed,2022-01-25,2022-01-26,1,239,,2053,435,2022-01-25
220,29684,Cancelled,2022-01-28,2022-01-29,1,299,,4484,948,2022-01-25
659,30999,Stayed,2022-01-27,2022-01-28,1,241,,1949,413,2022-01-25
253,34712,Stayed,2022-01-25,2022-01-26,1,132,,3899,825,2022-01-25
595,44291,Cancelled,2022-01-25,2022-01-26,1,399,,2144,545,2022-01-25
629,44291,Cancelled,2022-01-25,2022-01-26,1,346,,1754,446,2022-01-25
348,45412,Cancelled,2022-01-25,2022-01-26,1,331,,2534,536,2022-01-25
300,48615,Stayed,2022-02-04,2022-02-05,1,73,,3314,701,2022-01-25
536,50869,Cancelled,2022-01-26,2022-01-27,1,449,,2192,464,2022-01-25
3,55271,Stayed,2022-01-25,2022-01-26,1,252,,2188,463,2022-01-25
51,71382,Stayed,2022-01-31,2022-02-02,1,486,,4872,1071,2022-01-25
676,75928,Cancelled,2022-01-28,2022-01-29,1,77,,2387,505,2022-01-25
114,85555,Cancelled,2022-02-11,2022-02-19,1,597,,22870,5031,2022-01-25
126,91702,Stayed,2022-01-26,2022-01-27,1,84,,2794,591,2022-01-25
628,106973,Cancelled,2022-01-25,2022-01-26,1,346,,2209,486,2022-01-25
99,107105,Stayed,2022-01-26,2022-01-28,1,86,,4488,1140,2022-01-25
331,111098,Stayed,2022-01-25,2022-01-26,1,301,,2664,563,2022-01-25
9,122584,Stayed,2022-02-06,2022-02-08,1,571,,10397,2200,2022-01-25
70,130034,Cancelled,2022-02-07,2022-02-09,1,107,,7797,1979,2022-01-25
211,137078,Cancelled,2022-01-31,2022-02-02,1,359,,4742,1043,2022-01-25
625,150771,Cancelled,2022-02-02,2022-02-03,1,346,,2274,481,2022-01-25
276,160469,Cancelled,2022-01-25,2022-01-26,1,473,,2014,853,2022-01-25
5,170766,Cancelled,2022-01-26,2022-01-28,1,252,,6107,1293,2022-01-25
865,179662,Cancelled,2022-02-03,2022-02-04,1,540,,3964,872,2022-01-25
389,179988,Cancelled,2022-02-08,2022-02-09,1,114,,5654,1196,2022-01-25
215,181249,Stayed,2022-01-25,2022-01-26,1,220,,1429,303,2022-01-25
274,182493,No Show,2022-01-26,2022-01-27,1,473,,2469,523,2022-01-25
815,183351,Stayed,2022-01-25,2022-01-26,4,862,,8528,1877,2022-01-25
734,189288,Stayed,2022-01-25,2022-01-26,1,365,,1559,0,2022-01-25
140,197674,Stayed,2022-01-26,2022-01-27,1,251,,2469,523,2022-01-25
861,2202,Stayed,2022-02-17,2022-02-19,1,226,,6367,0,2022-01-26
862,2202,Stayed,2022-02-18,2022-02-19,3,226,,9551,0,2022-01-26
497,7731,Cancelled,2022-01-29,2022-01-30,1,33,,1949,413,2022-01-26
554,10453,Stayed,2022-01-26,2022-01-28,1,207,,3637,800,2022-01-26
162,11342,Stayed,2022-01-26,2022-01-28,1,554,,5067,1073,2022-01-26
492,14601,Stayed,2022-02-04,2022-02-05,1,33,,1949,413,2022-01-26
757,16566,Cancelled,2022-01-28,2022-01-31,1,323,,6755,1429,2022-01-26
49,17344,Stayed,2022-02-09,2022-02-11,1,486,,4352,921,2022-01-26
709,18226,Cancelled,2022-01-26,2022-01-30,1,448,,10135,2144,2022-01-26
496,19536,Stayed,2022-01-27,2022-01-28,1,33,,2404,508,2022-01-26
758,26820,No Show,2022-01-26,2022-01-27,1,323,,2274,481,2022-01-26
576,32837,No Show,2022-01-26,2022-01-27,1,629,,2144,453,2022-01-26
347,45412,Stayed,2022-01-26,2022-01-27,1,331,,2794,591,2022-01-26
450,55143,Stayed,2022-01-26,2022-01-27,1,74,,2924,618,2022-01-26
499,61311,Cancelled,2022-01-26,2022-01-27,1,33,,2404,508,2022-01-26
826,63819,Cancelled,2022-01-27,2022-01-29,1,932,,4547,963,2022-01-26
911,67743,Cancelled,2022-01-27,2022-01-28,1,59,,2144,545,2022-01-26
65,78645,Cancelled,2022-02-28,2022-03-01,1,402,,2469,523,2022-01-26
36,78646,Stayed,2022-01-27,2022-01-28,1,232,,2903,614,2022-01-26
851,82240,Cancelled,2022-02-01,2022-02-04,1,235,,10397,2200,2022-01-26
407,85351,Stayed,2022-01-27,2022-01-29,1,960,,3684,811,2022-01-26
848,87662,Stayed,2022-02-17,2022-02-19,1,750,,5977,1517,2022-01-26
275,100201,Cancelled,2022-01-26,2022-01-27,1,473,,2014,426,2022-01-26
80,101925,Cancelled,2022-01-28,2022-02-03,1,245,,12667,2680,2022-01-26
932,108885,No Show,2022-01-28,2022-01-29,1,162,,3563,754,2022-01-26
610,127446,Stayed,2022-01-26,2022-01-27,1,653,,2599,660,2022-01-26
769,137548,Stayed,2022-01-27,2022-01-28,1,505,,2469,543,2022-01-26
902,137974,Stayed,2022-01-26,2022-01-27,1,261,,2144,453,2022-01-26
627,150771,Stayed,2022-01-26,2022-01-27,1,346,,2274,481,2022-01-26
383,155124,No Show,2022-01-26,2022-01-28,1,135,,5587,1183,2022-01-26
384,155124,Cancelled,2022-01-27,2022-01-28,1,135,,3054,776,2022-01-26
390,155124,Cancelled,2022-01-26,2022-01-27,1,114,,3639,924,2022-01-26
307,158276,Stayed,2022-01-27,2022-01-28,1,229,,4549,963,2022-01-26
854,162220,Stayed,2022-01-26,2022-01-27,1,235,,3985,1012,2022-01-26
823,168301,Stayed,2022-01-26,2022-01-27,1,514,,2404,508,2022-01-26
4,170766,Cancelled,2022-01-26,2022-01-27,1,252,,3054,646,2022-01-26
219,6513,Stayed,2022-01-27,2022-01-28,1,299,,2924,618,2022-01-27
322,7971,Cancelled,2022-01-27,2022-01-28,1,357,,3574,756,2022-01-27
325,7971,Stayed,2022-01-27,2022-01-28,1,439,,3314,701,2022-01-27
708,8244,Stayed,2022-01-27,2022-01-28,1,448,,1949,495,2022-01-27
473,13951,Stayed,2022-01-28,2022-01-29,1,29,,2014,426,2022-01-27
587,17641,Stayed,2022-01-29,2022-01-30,1,955,,1884,415,2022-01-27
393,21595,Stayed,2022-01-27,2022-01-28,1,350,,2729,578,2022-01-27
394,21595,Stayed,2022-01-27,2022-01-28,1,350,,2729,693,2022-01-27
346,30671,Cancelled,2022-01-27,2022-01-28,1,314,,2209,468,2022-01-27
590,33493,No Show,2022-01-27,2022-01-28,1,515,,2599,550,2022-01-27
90,35729,Cancelled,2022-01-27,2022-01-28,1,944,,2023,428,2022-01-27
91,35729,Cancelled,2022-01-27,2022-01-28,1,944,,2509,531,2022-01-27
957,38870,Cancelled,2022-01-27,2022-01-28,1,651,,2924,618,2022-01-27
873,43903,Cancelled,2022-01-27,2022-01-28,1,885,,1494,329,2022-01-27
766,46167,Cancelled,2022-02-26,2022-02-28,1,996,,6757,1430,2022-01-27
2,46268,Cancelled,2022-01-27,2022-01-28,1,252,,1893,481,2022-01-27
449,55143,Cancelled,2022-01-27,2022-01-28,1,74,,3379,715,2022-01-27
983,56694,Cancelled,2022-01-27,2022-01-28,1,677,,2339,495,2022-01-27
853,59546,Stayed,2022-01-27,2022-01-28,1,235,,2995,634,2022-01-27
829,63819,Stayed,2022-01-27,2022-01-29,1,124,,4402,968,2022-01-27
178,67129,Stayed,2022-03-08,2022-03-12,1,691,,7618,1612,2022-01-27
317,68866,Cancelled,2022-03-03,2022-03-04,1,99,,6824,1733,2022-01-27
767,69366,No Show,2022-01-27,2022-01-28,2,706,,5522,1401,2022-01-27
609,74860,Cancelled,2022-01-30,2022-01-31,1,653,,2729,578,2022-01-27
461,107073,Cancelled,2022-01-28,2022-01-29,1,178,,2599,550,2022-01-27
374,130844,Cancelled,2022-01-28,2022-01-29,1,716,,3704,815,2022-01-27
814,133215,Cancelled,2022-01-28,2022-01-30,1,724,,5457,1155,2022-01-27
930,140493,No Show,2022-01-31,2022-02-01,2,162,,4446,941,2022-01-27
931,140493,No Show,2022-01-31,2022-02-01,2,162,,4446,941,2022-01-27
791,155740,Cancelled,2022-01-27,2022-01-28,1,342,,3769,798,2022-01-27
552,165031,Stayed,2022-01-28,2022-01-29,1,13,,1949,413,2022-01-27
822,168301,Stayed,2022-01-27,2022-01-28,1,514,,2404,508,2022-01-27
50,171463,Stayed,2022-02-01,2022-02-04,1,486,,7016,1484,2022-01-27
929,173243,Cancelled,2022-02-02,2022-02-03,1,162,,2172,477,2022-01-27
933,173243,Cancelled,2022-02-16,2022-02-17,1,162,,3424,725,2022-01-27
208,177755,Stayed,2022-01-27,2022-01-28,1,635,,2209,468,2022-01-27
960,180029,Stayed,2022-01-27,2022-01-28,1,574,,2404,508,2022-01-27
467,180948,Stayed,2022-01-27,2022-01-28,1,21,,1559,330,2022-01-27
520,181839,Stayed,2022-01-27,2022-01-28,1,305,,1949,413,2022-01-27
959,192084,Cancelled,2022-01-28,2022-01-29,1,574,,3054,646,2022-01-27
961,192084,Cancelled,2022-01-27,2022-01-28,1,574,,2404,508,2022-01-27
705,193136,Cancelled,2022-01-28,2022-01-29,1,448,,2469,523,2022-01-27
291,14120,Stayed,2022-01-28,2022-01-29,1,170,,2274,481,2022-01-28
480,15900,Cancelled,2022-01-29,2022-01-30,1,3,,2014,426,2022-01-28
448,20408,Stayed,2022-01-29,2022-01-30,1,74,,2534,558,2022-01-28
589,23503,Stayed,2022-01-28,2022-01-29,1,515,,2859,605,2022-01-28
218,29684,Stayed,2022-01-28,2022-01-29,1,299,,3769,798,2022-01-28
852,59546,Stayed,2022-01-28,2022-01-29,1,235,,3466,734,2022-01-28
213,61768,Stayed,2022-01-28,2022-01-29,1,842,,2205,485,2022-01-28
214,61768,Cancelled,2022-01-28,2022-01-29,1,842,,2014,443,2022-01-28
494,71170,Stayed,2022-01-29,2022-01-31,1,33,,2987,758,2022-01-28
1000,71428,Stayed,2022-01-28,2022-01-29,1,736,,3899,825,2022-01-28
608,74860,Stayed,2022-01-30,2022-01-31,1,653,,2274,481,2022-01-28
44,78914,Stayed,2022-01-31,2022-02-01,1,401,,2209,468,2022-01-28
843,89579,Cancelled,2022-01-28,2022-01-31,1,926,,12281,2598,2022-01-28
840,101548,Stayed,2022-01-28,2022-01-29,1,373,,2404,508,2022-01-28
534,107073,Stayed,2022-01-28,2022-01-29,1,449,,2817,596,2022-01-28
217,119565,Stayed,2022-01-28,2022-01-29,1,299,,3444,728,2022-01-28
787,136170,Stayed,2022-01-28,2022-01-29,1,703,,3184,701,2022-01-28
765,141740,Cancelled,2022-01-28,2022-01-29,1,483,,2404,508,2022-01-28
925,151754,Stayed,2022-01-28,2022-01-29,1,324,,1884,398,2022-01-28
988,164983,Stayed,2022-01-28,2022-01-29,1,594,,2785,590,2022-01-28
10,170174,Cancelled,2022-02-14,2022-02-16,1,571,,8967,1898,2022-01-28
994,170174,Cancelled,2022-02-05,2022-02-06,1,751,,5069,1073,2022-01-28
324,172055,Stayed,2022-01-28,2022-01-29,1,439,,3964,838,2022-01-28
658,191472,Cancelled,2022-01-29,2022-01-30,1,241,,1689,358,2022-01-28
553,10453,Stayed,2022-02-08,2022-02-09,1,207,,1754,386,2022-01-29
713,15900,Stayed,2022-01-29,2022-01-30,1,417,,1732,366,2022-01-29
866,21716,Cancelled,2022-02-14,2022-02-15,1,267,,5719,1210,2022-01-29
869,21716,Stayed,2022-02-09,2022-02-10,1,267,,5589,1183,2022-01-29
951,31449,Stayed,2022-01-29,2022-01-30,1,203,,2469,523,2022-01-29
335,60460,Cancelled,2022-01-29,2022-01-30,1,301,,2404,529,2022-01-29
748,62098,Stayed,2022-01-30,2022-01-31,1,522,,2144,545,2022-01-29
559,63947,No Show,2022-01-30,2022-01-31,1,207,,1494,316,2022-01-29
137,72648,Stayed,2022-01-31,2022-02-01,1,612,,1949,413,2022-01-29
839,73042,Stayed,2022-02-05,2022-02-07,1,919,,3897,825,2022-01-29
406,101548,Cancelled,2022-01-29,2022-01-30,1,960,,1560,330,2022-01-29
986,106210,Stayed,2022-02-01,2022-02-02,1,594,,2673,589,2022-01-29
910,137974,Stayed,2022-01-29,2022-01-30,1,59,,2079,440,2022-01-29
891,142265,Cancelled,2022-01-29,2022-01-30,1,68,,2989,759,2022-01-29
385,150731,Cancelled,2022-02-23,2022-02-26,2,129,,26512,6730,2022-01-29
466,162890,Stayed,2022-02-04,2022-02-05,1,21,,2469,523,2022-01-29
712,162896,Stayed,2022-02-13,2022-02-14,2,417,,3463,762,2022-01-29
330,171359,Stayed,2022-01-30,2022-01-31,1,301,,2404,508,2022-01-29
820,177898,Stayed,2022-01-29,2022-01-30,1,514,,2339,495,2022-01-29
821,177898,Cancelled,2022-01-29,2022-01-30,1,514,,2339,495,2022-01-29
193,189029,Cancelled,2022-01-30,2022-02-04,1,978,,29049,6145,2022-01-29
169,192648,Cancelled,2022-01-30,2022-01-31,1,757,,3336,706,2022-01-29
527,4595,Stayed,2022-02-01,2022-02-02,1,37,,2339,495,2022-01-30
181,8240,Stayed,2022-01-31,2022-02-13,1,691,,28882,6109,2022-01-30
528,8861,Stayed,2022-01-30,2022-01-31,1,37,,2144,453,2022-01-30
121,13793,Stayed,2022-01-30,2022-01-31,1,154,,2339,495,2022-01-30
444,14778,Cancelled,2022-03-03,2022-03-05,1,378,,11307,2393,2022-01-30
373,15300,Cancelled,2022-01-30,2022-01-31,1,716,,3119,686,2022-01-30
493,19536,Cancelled,2022-02-01,2022-02-02,1,33,,1949,413,2022-01-30
579,22963,Cancelled,2022-01-30,2022-01-31,1,440,,2079,440,2022-01-30
89,31960,Stayed,2022-01-30,2022-02-02,1,944,,7180,1519,2022-01-30
813,32986,Stayed,2022-01-31,2022-02-01,1,724,,1559,343,2022-01-30
900,36718,Cancelled,2022-01-31,2022-02-01,1,111,,2794,615,2022-01-30
909,37981,Stayed,2022-01-30,2022-01-31,1,59,,1754,386,2022-01-30
203,54558,Stayed,2022-01-31,2022-02-01,1,219,,1689,358,2022-01-30
584,59877,Stayed,2022-02-01,2022-02-02,1,955,,2209,468,2022-01-30
447,69450,Cancelled,2022-01-31,2022-02-01,1,74,,1949,413,2022-01-30
233,94377,Stayed,2022-01-30,2022-01-31,1,315,,3576,787,2022-01-30
686,99396,Stayed,2022-02-01,2022-02-02,1,364,,2144,453,2022-01-30
234,112615,Stayed,2022-01-30,2022-01-31,1,315,,2426,514,2022-01-30
235,112615,Stayed,2022-01-30,2022-01-31,1,315,,3110,658,2022-01-30
236,112615,Cancelled,2022-01-30,2022-01-31,2,315,,6219,1316,2022-01-30
666,114316,Cancelled,2022-02-13,2022-02-14,1,310,,2534,536,2022-01-30
667,114316,Cancelled,2022-02-08,2022-02-09,1,310,,2274,481,2022-01-30
315,114763,Cancelled,2022-01-30,2022-01-31,1,427,,4614,1172,2022-01-30
818,121598,Stayed,2022-02-04,2022-02-06,1,192,,6562,1388,2022-01-30
423,126315,Stayed,2022-02-07,2022-02-10,2,391,,16372,3601,2022-01-30
987,133740,Stayed,2022-01-30,2022-02-02,1,594,,8206,0,2022-01-30
427,136431,Cancelled,2022-01-30,2022-01-31,1,62,,1949,413,2022-01-30
183,137438,Cancelled,2022-01-30,2022-02-01,2,691,,6698,1474,2022-01-30
216,139865,Cancelled,2022-01-31,2022-02-01,1,299,,2664,563,2022-01-30
479,151220,Stayed,2022-01-30,2022-01-31,2,3,,3897,989,2022-01-30
440,166643,Cancelled,2022-01-30,2022-01-31,1,233,,2664,586,2022-01-30
318,186429,Cancelled,2022-01-30,2022-01-31,1,99,,3964,838,2022-01-30
125,195339,No Show,2022-02-03,2022-02-04,1,84,,1819,385,2022-01-30
19,3452,Stayed,2022-02-10,2022-02-12,1,88,,5977,1265,2022-01-31
272,12255,Cancelled,2022-02-23,2022-02-26,1,473,,7601,1608,2022-01-31
747,18009,Cancelled,2022-01-31,2022-02-01,1,522,,2014,426,2022-01-31
77,26179,Stayed,2022-02-03,2022-02-04,1,245,,2101,444,2022-01-31
616,36818,Stayed,2022-02-01,2022-02-02,2,653,,4417,935,2022-01-31
926,44199,Cancelled,2022-02-01,2022-02-02,1,217,,2274,578,2022-01-31
981,55090,Stayed,2022-01-31,2022-02-01,1,677,,1949,495,2022-01-31
979,61254,Stayed,2022-01-31,2022-02-01,1,677,,1949,413,2022-01-31
446,69450,Cancelled,2022-01-31,2022-02-01,1,74,,2209,468,2022-01-31
921,71704,Stayed,2022-01-31,2022-02-01,1,670,,1754,371,2022-01-31
96,71800,Cancelled,2022-02-01,2022-02-02,1,86,,1594,338,2022-01-31
340,90625,Stayed,2022-01-31,2022-02-01,1,296,,2079,458,2022-01-31
32,98294,Stayed,2022-01-31,2022-02-01,1,859,,1949,413,2022-01-31
958,100536,Cancelled,2022-01-31,2022-02-01,1,574,,2404,508,2022-01-31
812,100836,Cancelled,2022-02-02,2022-02-04,1,724,,3637,770,2022-01-31
180,100962,Cancelled,2022-02-02,2022-02-03,1,691,,2094,443,2022-01-31
405,101548,Cancelled,2022-01-31,2022-02-01,1,960,,1560,330,2022-01-31
884,106210,Cancelled,2022-02-02,2022-02-03,1,188,,2664,586,2022-01-31
598,108360,Stayed,2022-02-02,2022-02-03,1,848,,2534,536,2022-01-31
599,108360,Cancelled,2022-02-01,2022-02-02,1,848,,2534,536,2022-01-31
773,109945,Cancelled,2022-02-01,2022-02-03,1,998,,7082,1498,2022-01-31
439,122587,Stayed,2022-01-31,2022-02-01,1,233,,1949,413,2022-01-31
329,134413,Cancelled,2022-02-01,2022-02-02,1,301,,3054,776,2022-01-31
175,137492,Stayed,2022-01-31,2022-02-01,1,820,,2079,440,2022-01-31
179,140961,Stayed,2022-01-31,2022-02-01,1,691,,2391,607,2022-01-31
182,140961,Cancelled,2022-01-31,2022-02-01,1,691,,2391,506,2022-01-31
420,144450,Stayed,2022-02-10,2022-02-11,1,396,,3509,743,2022-01-31
472,155186,Stayed,2022-02-02,2022-02-03,1,29,,1884,398,2022-01-31
908,179812,Stayed,2022-02-02,2022-02-03,1,59,,1819,440,2022-01-31
222,183919,Stayed,2022-01-31,2022-02-01,1,299,,2664,586,2022-01-31
842,185389,Stayed,2022-01-31,2022-02-01,1,886,,3054,646,2022-01-31
1,189314,Cancelled,2022-02-04,2022-02-05,1,252,,3160,669,2022-01-31
878,194812,Cancelled,2022-02-06,2022-02-08,1,800,,6822,1500,2022-01-31
1520,13378,Stayed,2022-02-02,2022-02-03,1,523,,2404,508,2022-02-01
1130,16603,Cancelled,2022-02-01,2022-02-02,1,894,,3314,842,2022-02-01
1122,26389,Stayed,2022-02-01,2022-02-02,1,154,,2534,536,2022-02-01
1260,43107,Stayed,2022-02-01,2022-02-02,1,99,,4549,963,2022-02-01
1286,45412,Stayed,2022-02-01,2022-02-02,1,331,,2274,481,2022-02-01
1897,52680,Stayed,2022-02-02,2022-02-07,1,411,,19234,4069,2022-02-01
1548,56894,Stayed,2022-02-01,2022-02-02,1,653,,2599,550,2022-02-01
1866,58187,Stayed,2022-02-03,2022-02-04,1,677,,2014,426,2022-02-01
1671,61550,Cancelled,2022-02-04,2022-02-06,1,996,,6627,1403,2022-02-01
1421,61890,Stayed,2022-02-01,2022-02-02,1,3,,1884,415,2022-02-01
1101,71800,Stayed,2022-02-02,2022-02-03,1,86,,1386,294,2022-02-01
1864,72253,Cancelled,2022-02-13,2022-02-14,1,677,,2599,550,2022-02-01
1133,72648,Stayed,2022-02-01,2022-02-02,1,612,,2209,468,2022-02-01
1248,74343,Cancelled,2022-02-01,2022-02-02,1,473,,2404,508,2022-02-01
1627,85412,Stayed,2022-02-01,2022-02-02,1,58,,2599,550,2022-02-01
1637,86889,Cancelled,2022-02-18,2022-02-19,1,417,,1732,366,2022-02-01
1287,90625,Stayed,2022-02-01,2022-02-02,1,331,,2404,529,2022-02-01
1329,94413,Stayed,2022-02-02,2022-02-03,1,147,,3184,673,2022-02-01
1784,106210,No Show,2022-02-01,2022-02-02,1,188,,2664,586,2022-02-01
1098,128997,Stayed,2022-02-04,2022-02-06,1,86,,3819,809,2022-02-01
1890,139865,Stayed,2022-02-01,2022-02-04,1,850,,14555,3079,2022-02-01
1165,140961,Cancelled,2022-03-01,2022-03-02,1,691,,1905,403,2022-02-01
1103,152224,Cancelled,2022-02-01,2022-02-02,1,86,,1594,338,2022-02-01
1291,160056,Stayed,2022-02-02,2022-02-03,1,81,,2729,578,2022-02-01
1102,160269,Stayed,2022-02-01,2022-02-02,1,86,,1594,338,2022-02-01
1680,180438,Cancelled,2022-02-04,2022-02-05,1,703,,2989,633,2022-02-01
1893,185526,Stayed,2022-02-01,2022-02-02,1,663,,2558,541,2022-02-01
1894,185526,Cancelled,2022-02-01,2022-02-02,1,663,,2226,565,2022-02-01
1456,187982,Stayed,2022-02-03,2022-02-04,1,449,,2331,513,2022-02-01
1702,197147,Cancelled,2022-02-03,2022-02-05,2,628,,8991,2283,2022-02-01
1530,1731,Stayed,2022-02-02,2022-02-03,1,399,,1819,385,2022-02-02
1517,10757,Cancelled,2022-02-04,2022-02-05,1,515,,3184,673,2022-02-02
1699,16812,Cancelled,2022-02-07,2022-02-08,1,628,,1392,295,2022-02-02
1312,20597,Stayed,2022-02-02,2022-02-05,1,135,,8576,1887,2022-02-02
1521,21854,Stayed,2022-02-04,2022-02-05,1,523,,1689,0,2022-02-02
1731,37171,Stayed,2022-02-03,2022-02-04,1,919,,1689,358,2022-02-02
1115,43620,Stayed,2022-02-13,2022-02-15,1,597,,5717,1451,2022-02-02
1254,45602,Stayed,2022-02-02,2022-02-03,1,229,,3834,811,2022-02-02
1041,46097,Stayed,2022-02-03,2022-02-05,1,194,,5132,1302,2022-02-02
1870,56694,Stayed,2022-02-03,2022-02-04,1,636,,3444,728,2022-02-02
1016,66762,Cancelled,2022-02-11,2022-02-12,1,109,,3639,770,2022-02-02
1689,68193,Cancelled,2022-02-17,2022-02-21,1,704,,8705,1841,2022-02-02
1617,68265,Cancelled,2022-02-04,2022-02-05,1,77,,2443,620,2022-02-02
1535,72883,Stayed,2022-02-02,2022-02-03,1,848,,2534,536,2022-02-02
1751,78706,Stayed,2022-02-02,2022-02-03,1,750,,1949,413,2022-02-02
1514,92417,Stayed,2022-02-03,2022-02-04,1,955,,2079,440,2022-02-02
1078,99071,Stayed,2022-02-09,2022-02-11,1,295,,5652,1196,2022-02-02
1108,117378,Stayed,2022-02-13,2022-02-14,1,248,,2274,481,2022-02-02
1688,122969,Stayed,2022-02-14,2022-02-15,1,704,,2144,453,2022-02-02
1296,132914,Stayed,2022-02-02,2022-02-05,1,205,,8966,1972,2022-02-02
1135,133399,Stayed,2022-05-03,2022-05-07,1,975,,8835,0,2022-02-02
1904,158527,Stayed,2022-02-10,2022-02-11,1,646,,3968,839,2022-02-02
1905,158527,Stayed,2022-02-10,2022-02-11,1,646,,3968,839,2022-02-02
1825,162727,Stayed,2022-02-13,2022-02-14,1,574,,3184,673,2022-02-02
1845,162727,Cancelled,2022-02-14,2022-02-15,1,203,,3119,660,2022-02-02
1211,162892,Stayed,2022-02-02,2022-02-03,1,315,,3416,723,2022-02-02
1793,166300,Stayed,2022-02-04,2022-02-05,1,501,,4939,1045,2022-02-02
1186,166884,Cancelled,2022-02-04,2022-02-05,1,842,,2648,583,2022-02-02
1578,170646,Stayed,2022-02-15,2022-02-17,1,241,,3897,857,2022-02-02
1579,170646,Stayed,2022-02-13,2022-02-14,1,241,,1949,429,2022-02-02
1815,173334,Stayed,2022-02-02,2022-02-03,1,59,,2079,440,2022-02-02
1423,179876,Cancelled,2022-02-04,2022-02-05,1,3,,3054,646,2022-02-02
1386,182602,Stayed,2022-02-02,2022-02-04,1,378,,8034,1768,2022-02-02
1036,187153,Stayed,2022-02-03,2022-02-05,1,232,,5962,1514,2022-02-02
1696,191118,Cancelled,2022-02-03,2022-02-04,1,626,,1754,371,2022-02-02
1295,191653,Stayed,2022-02-11,2022-02-12,1,205,,3379,858,2022-02-02
1038,192119,Stayed,2022-02-04,2022-02-05,1,195,,1819,385,2022-02-02
1392,193175,Stayed,2022-02-02,2022-02-04,1,74,,5132,1086,2022-02-02
1236,199593,Stayed,2022-02-02,2022-02-03,1,266,,4094,866,2022-02-02
1148,22852,Cancelled,2022-02-03,2022-02-04,1,874,,2534,558,2022-02-03
1031,24582,Stayed,2022-02-04,2022-02-06,1,88,,4966,1051,2022-02-03
1750,25734,Cancelled,2022-02-04,2022-02-05,1,750,,2989,633,2022-02-03
1484,30453,Stayed,2022-02-09,2022-02-12,1,207,,4805,1220,2022-02-03
1100,31412,Stayed,2022-02-03,2022-02-04,1,86,,2029,429,2022-02-03
1644,45089,Cancelled,2022-02-12,2022-02-13,1,417,,1732,366,2022-02-03
1868,45602,Cancelled,2022-02-03,2022-02-04,1,677,,2144,453,2022-02-03
1580,46095,Stayed,2022-02-05,2022-02-17,1,310,,29375,6214,2022-02-03
1194,46434,Stayed,2022-02-04,2022-02-06,1,299,,7602,1929,2022-02-03
1046,46444,Cancelled,2022-03-04,2022-03-08,1,486,,11435,2516,2022-02-03
1529,47054,Stayed,2022-02-03,2022-02-04,1,399,,2209,468,2022-02-03
1703,52447,Cancelled,2022-02-15,2022-02-16,1,628,,2136,470,2022-02-03
1154,52617,Stayed,2022-02-03,2022-02-05,1,554,,5327,1128,2022-02-03
1367,55384,Cancelled,2022-03-07,2022-03-09,1,62,,6367,1400,2022-02-03
1060,59986,Stayed,2022-02-03,2022-02-04,1,383,,3054,646,2022-02-03
1412,63082,Stayed,2022-02-03,2022-02-04,1,21,,2274,481,2022-02-03
1814,68922,Stayed,2022-02-04,2022-02-05,1,59,,2079,440,2022-02-03
1080,77745,Cancelled,2022-03-11,2022-03-14,1,86,,7773,1645,2022-02-03
1442,88424,No Show,2022-02-03,2022-02-04,1,305,,2014,426,2022-02-03
1246,91632,Stayed,2022-02-04,2022-02-05,2,473,,4417,935,2022-02-03
1413,94377,Stayed,2022-02-03,2022-02-04,1,21,,2274,501,2022-02-03
1519,114366,No Show,2022-02-03,2022-02-04,1,523,,2209,468,2022-02-03
1849,114490,Stayed,2022-02-03,2022-02-04,1,651,,2079,440,2022-02-03
1422,116379,Stayed,2022-02-03,2022-02-04,1,3,,2274,481,2022-02-03
1573,137777,Cancelled,2022-02-03,2022-02-04,1,447,,1689,358,2022-02-03
1381,145528,Cancelled,2022-02-05,2022-02-06,1,233,,2924,618,2022-02-03
1547,145744,Stayed,2022-02-03,2022-02-04,1,653,,2339,495,2022-02-03
1273,146873,No Show,2022-02-03,2022-02-04,1,301,,3119,686,2022-02-03
1532,183381,Stayed,2022-02-04,2022-02-05,1,399,,2144,453,2022-02-03
1664,190525,Stayed,2022-02-03,2022-02-04,1,323,,2339,594,2022-02-03
1289,195179,Cancelled,2022-03-04,2022-03-06,1,45,,6367,1348,2022-02-03
1123,195339,Stayed,2022-02-03,2022-02-04,1,154,,1819,385,2022-02-03
1486,211,Stayed,2022-02-05,2022-02-06,1,207,,1754,371,2022-02-04
1553,3398,Stayed,2022-02-05,2022-02-08,1,346,,5651,1196,2022-02-04
1646,3772,Cancelled,2022-02-11,2022-02-12,1,417,,1732,366,2022-02-04
1411,5977,Stayed,2022-02-04,2022-02-05,1,21,,2989,633,2022-02-04
1616,6085,Stayed,2022-02-07,2022-02-08,1,77,,1999,424,2022-02-04
1071,14874,Stayed,2022-02-04,2022-02-06,2,432,,12735,2694,2022-02-04
1770,21716,Stayed,2022-02-15,2022-02-16,1,267,,5524,1168,2022-02-04
1274,27905,Stayed,2022-02-05,2022-02-06,1,301,,2664,563,2022-02-04
1382,38837,Cancelled,2022-02-05,2022-02-06,1,233,,2989,633,2022-02-04
1666,40195,Stayed,2022-02-04,2022-02-05,1,262,,2274,481,2022-02-04
1433,44356,Stayed,2022-02-04,2022-02-05,1,33,,2404,508,2022-02-04
1663,52262,Cancelled,2022-02-05,2022-02-06,1,323,,2274,481,2022-02-04
1196,53008,Cancelled,2022-02-05,2022-02-06,1,299,,3314,0,2022-02-04
1724,55143,Stayed,2022-02-04,2022-02-05,1,758,,3314,701,2022-02-04
1697,60211,Cancelled,2022-02-06,2022-02-07,1,666,,2469,523,2022-02-04
1208,70263,Stayed,2022-02-04,2022-02-05,1,315,,3416,723,2022-02-04
1482,76917,Stayed,2022-02-12,2022-02-13,1,207,,1754,446,2022-02-04
1523,79732,Cancelled,2022-02-05,2022-02-06,1,243,,2339,515,2022-02-04
1275,92694,Stayed,2022-02-04,2022-02-05,1,301,,2859,605,2022-02-04
1560,92694,Cancelled,2022-02-04,2022-02-05,1,176,,2729,578,2022-02-04
1164,93351,Stayed,2022-02-04,2022-02-05,1,691,,2687,569,2022-02-04
1876,94861,Stayed,2022-02-04,2022-02-05,1,620,,2599,572,2022-02-04
1195,119565,Stayed,2022-02-05,2022-02-06,1,299,,3314,701,2022-02-04
1280,122111,Cancelled,2022-02-11,2022-02-12,2,421,,5197,1100,2022-02-04
1153,124084,Cancelled,2022-02-04,2022-02-05,1,408,,2989,759,2022-02-04
1840,129376,Stayed,2022-02-05,2022-02-06,1,162,,2852,627,2022-02-04
1503,134836,Cancelled,2022-02-08,2022-02-09,1,16,,2729,578,2022-02-04
1247,135886,Stayed,2022-02-04,2022-02-05,1,473,,2209,486,2022-02-04
1309,136094,Stayed,2022-02-06,2022-02-07,1,716,,4094,1040,2022-02-04
1310,136094,Cancelled,2022-02-06,2022-02-07,1,716,,4094,1040,2022-02-04
1546,139275,Stayed,2022-02-04,2022-02-05,1,653,,2534,536,2022-02-04
1811,141064,Cancelled,2022-02-08,2022-02-09,1,59,,1949,413,2022-02-04
1233,146846,Cancelled,2022-02-04,2022-02-05,1,883,,4843,1230,2022-02-04
1884,162560,Cancelled,2022-02-10,2022-02-12,1,614,,8057,2045,2022-02-04
1898,162560,Cancelled,2022-02-10,2022-02-12,1,411,,8642,2193,2022-02-04
1245,168985,Cancelled,2022-02-05,2022-02-06,1,473,,2209,486,2022-02-04
1534,171784,Stayed,2022-02-04,2022-02-05,1,848,,3054,646,2022-02-04
1701,178207,Cancelled,2022-02-04,2022-02-05,1,628,,2405,509,2022-02-04
1755,182807,No Show,2022-02-04,2022-02-05,1,235,,2990,759,2022-02-04
1369,195179,Stayed,2022-02-04,2022-02-06,1,62,,4677,990,2022-02-04
1129,196554,Stayed,2022-02-05,2022-02-06,1,894,,2859,629,2022-02-04
1653,3145,Stayed,2022-02-05,2022-02-06,1,365,,1884,0,2022-02-05
1869,4675,Stayed,2022-02-05,2022-02-06,1,601,,2274,481,2022-02-05
1654,8066,Cancelled,2022-02-05,2022-02-06,1,365,,1884,0,2022-02-05
1913,8680,Cancelled,2022-02-06,2022-02-09,1,648,,6934,1526,2022-02-05
1346,19309,Cancelled,2022-02-06,2022-02-08,1,375,,4157,914,2022-02-05
1385,25812,Cancelled,2022-02-05,2022-02-06,1,378,,3769,798,2022-02-05
1259,43107,Cancelled,2022-02-05,2022-02-06,1,99,,5134,1086,2022-02-05
1857,45318,Stayed,2022-02-05,2022-02-06,1,44,,2794,591,2022-02-05
1782,49454,No Show,2022-02-05,2022-02-06,1,800,,2582,547,2022-02-05
1017,52850,Stayed,2022-02-06,2022-02-10,1,109,,14149,2993,2022-02-05
1822,71704,Stayed,2022-02-05,2022-02-06,1,217,,2144,453,2022-02-05
1298,79346,Stayed,2022-02-05,2022-02-06,1,683,,4874,1031,2022-02-05
1391,85431,Stayed,2022-02-05,2022-02-06,1,74,,2534,536,2022-02-05
1137,86187,Stayed,2022-02-05,2022-02-06,1,756,,2469,627,2022-02-05
1709,87734,Stayed,2022-02-05,2022-02-06,1,724,,2339,495,2022-02-05
1279,122111,Stayed,2022-02-11,2022-02-13,1,421,,6172,1306,2022-02-05
1035,123102,Stayed,2022-02-05,2022-02-06,1,232,,1836,388,2022-02-05
1744,127171,Stayed,2022-03-07,2022-03-10,1,566,,24761,5238,2022-02-05
1690,128795,Stayed,2022-02-05,2022-02-06,1,704,,2079,440,2022-02-05
1249,129101,Cancelled,2022-02-06,2022-02-07,1,473,,2144,545,2022-02-05
1050,130739,Stayed,2022-02-06,2022-02-07,1,486,,2144,472,2022-02-05
1687,153931,Cancelled,2022-02-22,2022-02-23,1,704,,2079,440,2022-02-05
1681,153945,Stayed,2022-02-18,2022-02-19,6,979,,25732,5444,2022-02-05
1180,154316,Cancelled,2022-02-05,2022-02-06,1,699,,4354,921,2022-02-05
1794,166300,Stayed,2022-02-05,2022-02-06,1,501,,4939,1087,2022-02-05
1888,170174,Stayed,2022-02-06,2022-02-07,1,751,,4094,901,2022-02-05
1326,172411,No Show,2022-02-05,2022-02-06,1,147,,3639,770,2022-02-05
1327,172411,Stayed,2022-02-05,2022-02-06,1,147,,3639,770,2022-02-05
1328,172411,Cancelled,2022-02-05,2022-02-07,1,147,,7212,1526,2022-02-05
1410,175727,Stayed,2022-02-06,2022-02-07,1,21,,2144,545,2022-02-05
1380,2161,Cancelled,2022-02-07,2022-02-08,1,233,,2859,605,2022-02-06
1478,8353,Cancelled,2022-02-07,2022-02-08,1,13,,1819,385,2022-02-06
1615,13380,Cancelled,2022-02-09,2022-02-10,1,77,,1976,418,2022-02-06
1390,15573,Cancelled,2022-02-06,2022-02-07,1,74,,2404,508,2022-02-06
1812,15620,Stayed,2022-02-07,2022-02-08,1,59,,1949,413,2022-02-06
1182,16954,Stayed,2022-02-07,2022-02-10,1,627,,6513,1378,2022-02-06
1018,20855,Stayed,2022-02-06,2022-02-07,1,109,,2534,558,2022-02-06
1019,20855,Cancelled,2022-02-06,2022-02-07,1,109,,2534,536,2022-02-06
1444,42287,Stayed,2022-02-06,2022-02-07,1,37,,2144,453,2022-02-06
1732,43966,Stayed,2022-02-06,2022-02-07,1,753,,1685,356,2022-02-06
1821,44199,Stayed,2022-02-06,2022-02-07,1,217,,2274,578,2022-02-06
1765,46179,Cancelled,2022-02-27,2022-02-28,1,226,,2144,0,2022-02-06
1839,46857,Stayed,2022-02-07,2022-02-08,1,162,,3851,815,2022-02-06
1914,49194,Cancelled,2022-02-06,2022-02-07,1,648,,1872,396,2022-02-06
1368,55576,Stayed,2022-02-06,2022-02-07,1,62,,1949,413,2022-02-06
1848,55815,Stayed,2022-02-06,2022-02-07,1,651,,2469,523,2022-02-06
1789,69059,Stayed,2022-02-10,2022-02-11,2,117,,9747,2063,2022-02-06
1928,78365,Stayed,2022-02-06,2022-02-07,1,619,,2404,508,2022-02-06
1718,96803,Stayed,2022-02-08,2022-02-11,1,192,,8510,1801,2022-02-06
1513,119466,Cancelled,2022-02-07,2022-02-08,1,955,,1884,398,2022-02-06
1441,121536,Cancelled,2022-02-13,2022-02-14,1,305,,1884,398,2022-02-06
1116,129331,Stayed,2022-02-09,2022-02-12,1,597,,7960,1684,2022-02-06
1183,137492,Cancelled,2022-02-06,2022-02-07,1,635,,2079,440,2022-02-06
1710,138423,Stayed,2022-02-08,2022-02-10,1,862,,3471,735,2022-02-06
1749,145776,Cancelled,2022-02-07,2022-02-08,1,750,,2599,550,2022-02-06
1827,167227,Cancelled,2022-02-06,2022-02-07,1,574,,2404,508,2022-02-06
1760,169109,Stayed,2022-02-06,2022-02-07,1,136,,4159,880,2022-02-06
1892,169912,Stayed,2022-02-11,2022-02-12,1,663,,4586,1164,2022-02-06
1813,183032,Cancelled,2022-02-07,2022-02-08,1,59,,1949,413,2022-02-06
1511,189815,Cancelled,2022-02-11,2022-02-12,1,955,,2014,426,2022-02-06
1301,191033,Stayed,2022-02-10,2022-02-11,1,668,,3834,811,2022-02-06
1473,7592,Stayed,2022-02-08,2022-02-09,1,13,,1819,385,2022-02-07
1430,7731,Stayed,2022-02-07,2022-02-08,1,33,,2014,426,2022-02-07
1476,7970,No Show,2022-02-07,2022-02-08,1,13,,1494,316,2022-02-07
1500,8704,Stayed,2022-02-07,2022-02-08,1,440,,2469,543,2022-02-07
1150,9197,Cancelled,2022-03-03,2022-03-05,1,244,,5847,1238,2022-02-07
1597,9858,Stayed,2022-02-07,2022-02-08,1,239,,1695,359,2022-02-07
1454,12790,Stayed,2022-02-09,2022-02-11,1,449,,4116,871,2022-02-07
1915,25876,Cancelled,2022-02-08,2022-02-10,1,995,,9422,1993,2022-02-07
1920,25876,Cancelled,2022-02-08,2022-02-10,1,211,,8512,1801,2022-02-07
1074,43860,Stayed,2022-02-07,2022-02-08,1,944,,2558,541,2022-02-07
1147,47342,Stayed,2022-02-07,2022-02-10,1,106,,6755,1429,2022-02-07
1896,52680,Stayed,2022-02-07,2022-02-08,1,411,,3119,660,2022-02-07
1754,57004,Stayed,2022-02-09,2022-02-10,1,235,,3286,695,2022-02-07
1431,57335,Stayed,2022-02-07,2022-02-08,1,33,,1689,429,2022-02-07
1432,57335,Cancelled,2022-02-07,2022-02-08,1,33,,1494,380,2022-02-07
1648,68109,Stayed,2022-02-07,2022-02-08,1,417,,2025,429,2022-02-07
1650,68109,Cancelled,2022-02-07,2022-02-08,1,417,,1760,373,2022-02-07
1163,69522,Stayed,2022-02-07,2022-02-08,1,691,,1936,409,2022-02-07
1290,69807,Stayed,2022-02-07,2022-02-08,2,93,,4027,853,2022-02-07
1397,73278,Stayed,2022-02-07,2022-02-08,1,116,,1299,275,2022-02-07
1516,73902,Cancelled,2022-02-07,2022-02-08,1,515,,2664,563,2022-02-07
1087,95960,Stayed,2022-02-24,2022-02-25,1,86,,2553,540,2022-02-07
1251,109142,Stayed,2022-02-07,2022-02-08,1,73,,2794,591,2022-02-07
1847,112619,Cancelled,2022-02-10,2022-02-11,1,203,,3054,646,2022-02-07
1582,114316,Stayed,2022-02-08,2022-02-09,1,310,,2274,501,2022-02-07
1512,120625,Cancelled,2022-02-12,2022-02-13,1,955,,2339,495,2022-02-07
1477,121442,Cancelled,2022-02-07,2022-02-08,1,13,,1299,330,2022-02-07
1010,122584,Stayed,2022-02-08,2022-02-11,1,571,,12539,2652,2022-02-07
1733,133407,Stayed,2022-02-08,2022-02-10,1,687,,5717,1210,2022-02-07
1207,134266,Cancelled,2022-02-07,2022-02-08,1,315,,2773,586,2022-02-07
1257,147037,Stayed,2022-02-08,2022-02-10,1,143,,16117,3410,2022-02-07
1030,151259,Cancelled,2022-02-07,2022-02-08,1,88,,2913,739,2022-02-07
1677,155069,Stayed,2022-02-08,2022-02-09,1,808,,2274,481,2022-02-07
1678,155069,Cancelled,2022-02-08,2022-02-09,1,808,,2274,501,2022-02-07
1903,158527,Stayed,2022-02-11,2022-02-12,1,646,,5140,1088,2022-02-07
1576,167170,Stayed,2022-02-08,2022-02-10,1,578,,6367,1400,2022-02-07
1887,170174,Stayed,2022-02-07,2022-02-08,1,751,,4094,901,2022-02-07
1436,179123,Cancelled,2022-02-10,2022-02-11,1,33,,1754,371,2022-02-07
1429,184876,Cancelled,2022-02-14,2022-02-15,1,33,,2014,426,2022-02-07
1206,188854,Cancelled,2022-02-08,2022-02-09,1,315,,3189,674,2022-02-07
1152,190136,Cancelled,2022-02-17,2022-02-18,1,244,,2079,440,2022-02-07
1058,192208,Cancelled,2022-02-07,2022-02-08,1,846,,2924,618,2022-02-07
1028,193036,Stayed,2022-02-08,2022-02-13,1,88,,15087,3191,2022-02-07
1712,195965,Stayed,2022-02-07,2022-02-08,1,249,,1884,398,2022-02-07
1457,199763,Stayed,2022-02-07,2022-02-08,1,449,,2192,482,2022-02-07
1315,6114,Stayed,2022-02-08,2022-02-09,1,146,,1856,393,2022-02-08
1474,6845,Stayed,2022-02-08,2022-02-09,1,13,,1559,330,2022-02-08
1475,7970,Stayed,2022-02-08,2022-02-09,1,13,,1819,385,2022-02-08
1595,9858,Stayed,2022-02-08,2022-02-09,1,239,,1641,348,2022-02-08
1343,12114,Stayed,2022-02-11,2022-02-12,1,366,,2491,527,2022-02-08
1540,16959,Stayed,2022-02-09,2022-02-10,1,131,,2144,453,2022-02-08
1570,21219,Stayed,2022-02-08,2022-02-10,1,50,,5717,1210,2022-02-08
1858,33657,Cancelled,2022-02-08,2022-02-09,1,206,,2469,523,2022-02-08
1079,33824,No Show,2022-02-08,2022-02-09,1,295,,2534,536,2022-02-08
1185,47342,Stayed,2022-02-13,2022-02-15,1,359,,4937,1045,2022-02-08
1698,63372,Stayed,2022-02-08,2022-02-09,1,628,,1903,403,2022-02-08
1682,63731,Stayed,2022-02-09,2022-02-10,1,984,,2469,523,2022-02-08
1253,71982,Cancelled,2022-02-08,2022-02-09,1,229,,2989,633,2022-02-08
1213,74427,Cancelled,2022-02-13,2022-02-15,1,309,,5262,1157,2022-02-08
1271,74427,Cancelled,2022-02-15,2022-02-16,1,301,,2469,543,2022-02-08
1545,74860,Stayed,2022-02-08,2022-02-09,1,653,,2274,481,2022-02-08
1140,77179,Stayed,2022-02-09,2022-02-19,1,106,,29692,6281,2022-02-08
1596,85412,Stayed,2022-02-08,2022-02-09,1,239,,1888,399,2022-02-08
1323,86273,Stayed,2022-02-08,2022-02-09,1,25,,2469,543,2022-02-08
1288,96030,Stayed,2022-02-08,2022-02-10,1,308,,4612,976,2022-02-08
1437,107041,Stayed,2022-02-08,2022-02-09,1,33,,1884,398,2022-02-08
1420,110810,Stayed,2022-02-08,2022-02-09,1,3,,1884,398,2022-02-08
1056,112514,Cancelled,2022-02-16,2022-02-20,1,250,,10785,2373,2022-02-08
1843,112619,Cancelled,2022-02-09,2022-02-10,1,203,,2729,578,2022-02-08
1214,119466,Cancelled,2022-02-09,2022-02-10,1,309,,2599,550,2022-02-08
1126,129675,Stayed,2022-02-08,2022-02-09,1,84,,1884,398,2022-02-08
1281,130908,Stayed,2022-02-08,2022-02-10,1,421,,3897,825,2022-02-08
1502,134836,Cancelled,2022-02-11,2022-02-12,1,16,,3379,715,2022-02-08
1438,139383,Stayed,2022-02-08,2022-02-09,1,33,,1884,398,2022-02-08
1837,140493,No Show,2022-02-08,2022-02-09,2,162,,4368,924,2022-02-08
1645,145838,Stayed,2022-02-08,2022-02-09,1,417,,2038,431,2022-02-08
1909,160596,Stayed,2022-02-09,2022-02-10,1,813,,3054,646,2022-02-08
1402,160722,Stayed,2022-02-08,2022-02-09,1,263,,1624,343,2022-02-08
1880,162560,Stayed,2022-02-10,2022-02-12,1,594,,8822,1867,2022-02-08
1723,168301,Stayed,2022-02-09,2022-02-10,1,514,,1949,413,2022-02-08
1073,169265,Cancelled,2022-02-12,2022-02-13,1,944,,1990,438,2022-02-08
1647,182573,Cancelled,2022-02-09,2022-02-10,1,417,,1921,407,2022-02-08
1202,183032,Stayed,2022-02-11,2022-02-12,1,315,,3189,810,2022-02-08
1711,183351,Stayed,2022-02-08,2022-02-09,3,862,,5019,1104,2022-02-08
1592,184192,Cancelled,2022-02-14,2022-02-15,1,239,,2794,591,2022-02-08
1210,189735,Stayed,2022-02-11,2022-02-12,1,315,,3189,674,2022-02-08
1483,189815,Cancelled,2022-02-14,2022-02-15,1,207,,1884,398,2022-02-08
1665,191386,Stayed,2022-02-08,2022-02-11,1,655,,9551,2021,2022-02-08
1491,197333,No Show,2022-02-11,2022-02-12,1,629,,2534,536,2022-02-08
1838,197630,Cancelled,2022-02-12,2022-02-13,1,162,,2166,476,2022-02-08
1472,6845,Stayed,2022-02-09,2022-02-10,1,13,,1559,330,2022-02-09
1594,9858,Stayed,2022-02-09,2022-02-10,1,239,,1941,410,2022-02-09
1643,13605,Stayed,2022-02-09,2022-02-10,1,417,,2204,466,2022-02-09
1267,18934,Cancelled,2022-04-03,2022-04-04,1,301,,3054,672,2022-02-09
1285,19783,Stayed,2022-02-09,2022-02-10,1,331,,2794,591,2022-02-09
1408,31136,Stayed,2022-02-10,2022-02-11,1,21,,2664,563,2022-02-09
1700,41895,Cancelled,2022-02-10,2022-02-11,1,628,,2796,592,2022-02-09
1107,45386,Cancelled,2022-02-09,2022-02-10,1,161,,1977,418,2022-02-09
1494,51963,Stayed,2022-02-09,2022-02-10,1,629,,1559,330,2022-02-09
1528,59866,Stayed,2022-02-09,2022-02-10,1,399,,2014,443,2022-02-09
1679,60864,Stayed,2022-03-14,2022-03-16,1,609,,10527,2228,2022-02-09
1450,61856,Stayed,2022-02-16,2022-02-19,1,37,,7340,1615,2022-02-09
1485,61856,Cancelled,2022-02-16,2022-02-19,1,207,,5714,1257,2022-02-09
1409,63907,Stayed,2022-02-10,2022-02-11,1,21,,2664,563,2022-02-09
1875,72061,Stayed,2022-02-11,2022-02-12,1,620,,3054,646,2022-02-09
1244,79319,Cancelled,2022-02-09,2022-02-10,1,473,,2339,495,2022-02-09
1495,82195,Cancelled,2022-02-11,2022-02-12,1,629,,2534,644,2022-02-09
1492,98551,Stayed,2022-02-11,2022-02-12,1,629,,2339,495,2022-02-09
1844,106295,Stayed,2022-02-17,2022-02-18,1,203,,2924,743,2022-02-09
1283,128226,Stayed,2022-02-13,2022-02-14,1,456,,2534,536,2022-02-09
1506,134836,Cancelled,2022-02-13,2022-02-14,1,16,,2729,578,2022-02-09
1032,144909,Cancelled,2022-02-11,2022-02-12,1,755,,4289,908,2022-02-09
1455,145478,Stayed,2022-02-09,2022-02-10,1,449,,2192,482,2022-02-09
1055,153697,Stayed,2022-02-10,2022-02-11,1,812,,2209,468,2022-02-09
1033,154812,Cancelled,2022-02-09,2022-02-10,1,859,,1494,316,2022-02-09
1322,159873,Cancelled,2022-02-09,2022-02-10,1,25,,2469,627,2022-02-09
1865,184959,Cancelled,2022-02-09,2022-02-10,1,677,,2274,481,2022-02-09
1559,186767,Stayed,2022-02-09,2022-02-10,2,176,,3117,685,2022-02-09
1234,188409,Cancelled,2022-02-09,2022-02-10,1,883,,3588,759,2022-02-09
1204,189735,Stayed,2022-02-10,2022-02-11,1,315,,3822,809,2022-02-09
1728,4473,Cancelled,2022-02-11,2022-02-12,1,932,,2144,545,2022-02-10
1641,7105,Stayed,2022-02-11,2022-02-12,1,417,,2816,596,2022-02-10
1593,9858,Stayed,2022-02-10,2022-02-11,1,239,,2426,514,2022-02-10
1419,10965,Cancelled,2022-02-11,2022-02-12,1,29,,2534,536,2022-02-10
1652,10965,Cancelled,2022-02-11,2022-02-12,1,365,,2144,0,2022-02-10
1231,17980,Stayed,2022-02-11,2022-02-12,1,883,,3588,759,2022-02-10
1632,24964,Stayed,2022-02-10,2022-02-11,1,448,,2079,440,2022-02-10
1029,27876,Stayed,2022-02-10,2022-02-11,1,88,,2283,483,2022-02-10
1552,31316,Stayed,2022-02-10,2022-02-11,1,346,,2209,561,2022-02-10
1370,33021,No Show,2022-02-11,2022-02-12,1,62,,2924,618,2022-02-10
1606,33581,Stayed,2022-02-18,2022-02-19,1,77,,2729,578,2022-02-10
1224,34712,Stayed,2022-02-10,2022-02-11,1,132,,4224,893,2022-02-10
1092,37423,Stayed,2022-02-19,2022-02-23,1,86,,9012,1906,2022-02-10
1266,40981,Stayed,2022-02-10,2022-02-11,1,817,,5719,1210,2022-02-10
1669,46167,Stayed,2022-02-26,2022-02-28,1,996,,6107,1293,2022-02-10
1493,51963,Stayed,2022-02-10,2022-02-11,1,629,,1819,385,2022-02-10
1439,61311,Stayed,2022-02-13,2022-02-14,1,420,,1949,413,2022-02-10
1727,65242,Cancelled,2022-02-12,2022-02-13,1,932,,1494,316,2022-02-10
1826,71428,Stayed,2022-02-10,2022-02-13,1,574,,7925,1676,2022-02-10
1685,79434,Stayed,2022-02-11,2022-02-12,1,342,,3639,801,2022-02-10
1166,94520,Stayed,2022-02-11,2022-02-13,1,691,,4441,977,2022-02-10
1037,98294,Cancelled,2022-02-10,2022-02-11,1,195,,2404,508,2022-02-10
1230,107041,Cancelled,2022-02-12,2022-02-13,1,883,,3120,660,2022-02-10
1846,112619,Cancelled,2022-02-13,2022-02-14,1,203,,2794,591,2022-02-10
1524,128016,No Show,2022-02-11,2022-02-12,1,181,,2404,508,2022-02-10
1220,135454,Stayed,2022-02-10,2022-02-11,1,557,,2209,468,2022-02-10
1170,137492,Stayed,2022-02-10,2022-02-11,1,820,,2274,481,2022-02-10
1792,143110,Stayed,2022-02-10,2022-02-11,1,68,,4744,1003,2022-02-10
1471,145478,Stayed,2022-02-10,2022-02-11,1,13,,1754,386,2022-02-10
1307,153758,Stayed,2022-02-13,2022-02-14,1,716,,3119,660,2022-02-10
1306,165419,Cancelled,2022-02-15,2022-02-16,1,716,,3054,672,2022-02-10
1895,166795,Stayed,2022-02-10,2022-02-11,2,411,,9097,1925,2022-02-10
1722,168301,Stayed,2022-02-10,2022-02-11,1,514,,2144,453,2022-02-10
1192,172055,Stayed,2022-02-10,2022-02-11,1,299,,2794,591,2022-02-10
1557,180388,Cancelled,2022-02-15,2022-02-16,1,176,,2209,468,2022-02-10
1193,188854,Cancelled,2022-02-10,2022-02-11,1,299,,2989,633,2022-02-10
1205,188854,Cancelled,2022-02-10,2022-02-11,1,315,,3212,680,2022-02-10
1581,190372,Stayed,2022-02-10,2022-02-11,1,310,,2664,586,2022-02-10
1232,196670,No Show,2022-02-10,2022-02-11,1,883,,3120,660,2022-02-10
1235,199593,Stayed,2022-02-10,2022-02-11,1,266,,4159,880,2022-02-10
1498,2161,No Show,2022-02-14,2022-02-15,1,440,,2599,550,2022-02-11
1314,2562,Stayed,2022-02-11,2022-02-12,1,146,,3388,860,2022-02-11
1863,4675,No Show,2022-02-11,2022-02-12,1,677,,2469,523,2022-02-11
1470,7592,Stayed,2022-02-11,2022-02-12,1,13,,2339,495,2022-02-11
1642,10965,Stayed,2022-02-11,2022-02-12,1,417,,2603,551,2022-02-11
1004,36635,Stayed,2022-02-14,2022-02-16,1,252,,5478,1159,2022-02-11
1713,45817,No Show,2022-02-12,2022-02-13,2,123,,4287,908,2022-02-11
1238,46976,Stayed,2022-02-11,2022-02-12,1,31,,5134,1130,2022-02-11
1587,60132,No Show,2022-02-14,2022-02-15,1,239,,2267,480,2022-02-11
1635,67747,Stayed,2022-02-18,2022-02-20,1,417,,3463,733,2022-02-11
1602,71382,Stayed,2022-02-20,2022-02-22,1,77,,4540,999,2022-02-11
1862,72253,Cancelled,2022-02-19,2022-02-20,1,677,,2924,618,2022-02-11
1015,73210,Stayed,2022-02-11,2022-02-12,1,109,,4354,921,2022-02-11
1142,77179,Stayed,2022-02-12,2022-02-17,1,106,,14684,3106,2022-02-11
1668,86456,Stayed,2022-02-14,2022-02-16,1,702,,4092,1038,2022-02-11
1613,93801,Stayed,2022-02-14,2022-02-15,1,77,,2220,470,2022-02-11
1539,108360,Stayed,2022-02-12,2022-02-13,1,131,,2144,453,2022-02-11
1621,116510,Stayed,2022-02-13,2022-02-14,1,364,,1884,415,2022-02-11
1278,130908,Stayed,2022-02-11,2022-02-15,1,421,,8185,1731,2022-02-11
1686,131261,Stayed,2022-02-11,2022-02-12,1,345,,2989,633,2022-02-11
1187,133948,Stayed,2022-02-14,2022-02-15,1,780,,1949,413,2022-02-11
1344,136424,Stayed,2022-02-11,2022-02-12,2,366,,5671,1440,2022-02-11
1181,154660,Cancelled,2022-05-04,2022-05-05,2,627,,3682,0,2022-02-11
1219,162144,No Show,2022-02-11,2022-02-12,1,557,,3249,688,2022-02-11
1121,164571,Cancelled,2022-02-16,2022-02-21,2,154,,20787,5277,2022-02-11
1721,168301,Stayed,2022-02-11,2022-02-12,1,514,,2339,495,2022-02-11
1008,170174,Stayed,2022-02-14,2022-02-16,1,571,,8382,1844,2022-02-11
1771,179612,Cancelled,2022-02-11,2022-02-13,1,267,,15077,3190,2022-02-11
1070,186686,No Show,2022-02-11,2022-02-12,1,245,,3032,641,2022-02-11
1558,193136,Cancelled,2022-02-12,2022-02-13,2,176,,4186,921,2022-02-11
1209,197333,Stayed,2022-02-11,2022-02-12,1,315,,3696,782,2022-02-11
1912,3574,Stayed,2022-02-12,2022-02-17,1,648,,11531,2440,2022-02-12
1626,15900,Stayed,2022-02-12,2022-02-13,1,58,,2209,468,2022-02-12
1119,26389,Stayed,2022-02-13,2022-02-14,1,154,,2469,523,2022-02-12
1146,30963,Stayed,2022-02-12,2022-02-13,1,106,,2599,550,2022-02-12
1379,34224,No Show,2022-02-14,2022-02-15,1,233,,3249,825,2022-02-12
1510,41627,Stayed,2022-02-13,2022-02-14,1,955,,2079,440,2022-02-12
1284,45412,No Show,2022-02-12,2022-02-13,1,331,,2534,536,2022-02-12
1197,53008,Cancelled,2022-02-13,2022-02-14,1,299,,3314,701,2022-02-12
1810,54065,Stayed,2022-02-12,2022-02-13,1,59,,2664,563,2022-02-12
1065,65516,No Show,2022-02-12,2022-02-13,1,583,,2144,545,2022-02-12
1407,69723,Stayed,2022-02-12,2022-02-13,1,21,,1494,316,2022-02-12
1062,75173,Stayed,2022-02-13,2022-02-14,1,56,,2729,578,2022-02-12
1883,93021,Stayed,2022-02-12,2022-02-13,1,614,,3249,688,2022-02-12
1850,133115,Stayed,2022-02-12,2022-02-13,1,651,,2144,453,2022-02-12
1040,135672,Cancelled,2022-02-12,2022-02-13,1,468,,3184,673,2022-02-12
1342,136424,Stayed,2022-02-12,2022-02-13,1,366,,2566,543,2022-02-12
1714,145809,Stayed,2022-02-12,2022-02-13,1,123,,1689,358,2022-02-12
1614,147059,Stayed,2022-02-12,2022-02-13,1,77,,2239,474,2022-02-12
1120,147455,Stayed,2022-02-12,2022-02-13,1,154,,3249,688,2022-02-12
1228,154668,Cancelled,2022-02-12,2022-02-13,1,883,,3588,759,2022-02-12
1861,157067,Stayed,2022-02-12,2022-02-13,1,677,,2209,486,2022-02-12
1009,164004,Stayed,2022-02-12,2022-02-13,1,571,,4614,976,2022-02-12
1308,164227,Cancelled,2022-02-12,2022-02-13,1,716,,2794,591,2022-02-12
1781,165107,Stayed,2022-02-15,2022-02-17,1,800,,8388,1774,2022-02-12
1481,179789,Stayed,2022-02-12,2022-02-13,1,207,,1494,316,2022-02-12
1229,181737,Cancelled,2022-02-12,2022-02-13,1,883,,4212,891,2022-02-12
1622,189815,Cancelled,2022-03-04,2022-03-05,1,364,,1906,404,2022-02-12
1349,192056,No Show,2022-02-25,2022-02-28,1,348,,5066,1114,2022-02-12
1005,193104,Stayed,2022-02-12,2022-02-14,1,252,,5502,1164,2022-02-12
1856,8380,No Show,2022-02-13,2022-02-14,1,44,,2144,0,2022-02-13
1649,13378,Cancelled,2022-02-15,2022-02-16,1,417,,2625,556,2022-02-13
1661,19588,Stayed,2022-02-14,2022-02-15,1,522,,2469,627,2022-02-13
1480,30453,Stayed,2022-02-15,2022-02-17,1,207,,3247,824,2022-02-13
1145,30963,Stayed,2022-02-13,2022-02-14,1,106,,3054,646,2022-02-13
1872,37618,No Show,2022-02-13,2022-02-14,1,238,,4354,921,2022-02-13
1662,42513,Cancelled,2022-02-16,2022-02-17,1,323,,2274,578,2022-02-13
1400,48403,Cancelled,2022-02-14,2022-02-15,1,178,,2989,633,2022-02-13
1725,50009,Stayed,2022-02-13,2022-02-15,1,541,,7602,1672,2022-02-13
1013,66762,Stayed,2022-02-15,2022-02-16,1,109,,2664,563,2022-02-13
1132,72648,Cancelled,2022-02-14,2022-02-15,1,612,,1949,413,2022-02-13
1676,76786,Cancelled,2022-02-14,2022-02-15,1,808,,2144,545,2022-02-13
1144,77179,Stayed,2022-02-13,2022-02-15,1,106,,5847,1238,2022-02-13
1926,78365,Stayed,2022-02-16,2022-02-17,1,619,,2534,536,2022-02-13
1927,78365,Stayed,2022-02-15,2022-02-16,1,619,,2534,536,2022-02-13
1610,78708,Cancelled,2022-02-17,2022-02-19,1,77,,5132,1086,2022-02-13
1014,106508,Stayed,2022-02-13,2022-02-14,1,109,,2664,563,2022-02-13
1736,113931,Stayed,2022-03-16,2022-03-18,1,329,,13387,2833,2022-02-13
1791,117555,Cancelled,2022-02-20,2022-02-22,1,68,,9617,2035,2022-02-13
1716,121461,Cancelled,2022-02-16,2022-02-17,2,507,,4807,1018,2022-02-13
1172,137492,Stayed,2022-02-13,2022-02-14,1,820,,2339,495,2022-02-13
1631,156140,Cancelled,2022-02-14,2022-02-15,1,448,,2534,536,2022-02-13
1490,163945,Stayed,2022-02-13,2022-02-14,1,629,,1819,385,2022-02-13
1568,188409,Stayed,2022-02-17,2022-02-18,1,50,,3444,728,2022-02-13
1394,193175,Stayed,2022-02-13,2022-02-14,1,74,,2339,495,2022-02-13
1738,292,Stayed,2022-02-14,2022-02-15,1,407,,5719,1210,2022-02-14
1499,8704,Cancelled,2022-02-14,2022-02-15,1,440,,2599,550,2022-02-14
1799,22844,Stayed,2022-02-19,2022-02-20,1,111,,2664,563,2022-02-14
1378,24154,Cancelled,2022-02-15,2022-02-16,1,233,,2729,693,2022-02-14
1453,24749,Stayed,2022-02-15,2022-02-16,1,449,,2192,464,2022-02-14
1351,30499,Stayed,2022-03-07,2022-03-11,1,380,,10587,2240,2022-02-14
1640,32189,Stayed,2022-02-14,2022-02-15,1,417,,2596,549,2022-02-14
1299,36096,Stayed,2022-03-19,2022-03-22,1,668,,10721,2268,2022-02-14
1095,37423,Stayed,2022-02-17,2022-02-19,1,86,,5200,1100,2022-02-14
1719,45569,Stayed,2022-02-14,2022-02-15,1,514,,2664,677,2022-02-14
1720,45569,Cancelled,2022-02-14,2022-02-15,1,514,,2144,545,2022-02-14
1522,45876,Stayed,2022-02-14,2022-02-15,1,243,,2144,472,2022-02-14
1114,50501,Stayed,2022-02-15,2022-02-17,1,597,,5145,1089,2022-02-14
1466,54218,Cancelled,2022-02-18,2022-02-19,1,13,,2664,563,2022-02-14
1764,54504,Cancelled,2022-03-03,2022-03-06,1,226,,7796,0,2022-02-14
1212,65977,Stayed,2022-02-15,2022-02-16,1,309,,3249,825,2022-02-14
1099,67744,Stayed,2022-02-14,2022-02-15,1,86,,1664,352,2022-02-14
1479,75141,Stayed,2022-02-18,2022-02-19,1,207,,2274,481,2022-02-14
1002,77901,Stayed,2022-02-17,2022-02-18,1,252,,2573,545,2022-02-14
1049,83896,Stayed,2022-02-14,2022-02-16,1,486,,5132,1086,2022-02-14
1708,97745,No Show,2022-02-14,2022-02-15,1,724,,2339,495,2022-02-14
1902,97841,Cancelled,2022-02-16,2022-02-17,1,646,,2685,568,2022-02-14
1178,98785,Stayed,2022-02-14,2022-02-15,1,888,,2924,618,2022-02-14
1396,118827,Cancelled,2022-02-14,2022-02-15,1,116,,2404,508,2022-02-14
1262,119953,Cancelled,2022-02-15,2022-02-17,1,357,,7797,1650,2022-02-14
1531,129346,Stayed,2022-02-18,2022-02-19,4,399,,12605,2666,2022-02-14
1277,130908,Stayed,2022-02-15,2022-02-18,1,421,,6041,1278,2022-02-14
1660,144056,Cancelled,2022-02-15,2022-02-16,1,522,,2599,550,2022-02-14
1900,149420,Stayed,2022-03-03,2022-03-05,1,646,,8713,1844,2022-02-14
1418,155186,Stayed,2022-02-15,2022-02-17,1,29,,4482,948,2022-02-14
1505,165303,Cancelled,2022-02-15,2022-02-16,1,16,,2664,563,2022-02-14
1572,182860,Stayed,2022-02-15,2022-02-16,1,447,,1884,440,2022-02-14
1393,183557,Cancelled,2022-02-15,2022-02-16,1,74,,2989,759,2022-02-14
1321,184770,No Show,2022-02-14,2022-02-15,1,25,,3444,875,2022-02-14
1256,187033,Stayed,2022-02-14,2022-02-15,1,143,,8059,1705,2022-02-14
1190,189926,Cancelled,2022-02-14,2022-02-15,1,299,,3444,728,2022-02-14
1191,189926,Stayed,2022-02-14,2022-02-15,1,299,,3444,728,2022-02-14
1261,191615,Cancelled,2022-02-14,2022-02-15,1,901,,5264,1113,2022-02-14
1591,6284,Stayed,2022-02-17,2022-02-18,1,239,,1888,399,2022-02-15
1673,17784,Cancelled,2022-04-10,2022-04-12,1,997,,7277,1847,2022-02-15
1590,19760,Stayed,2022-02-17,2022-02-18,1,239,,1888,399,2022-02-15
1489,20003,Stayed,2022-02-15,2022-02-16,1,629,,1624,343,2022-02-15
1609,20223,Stayed,2022-02-16,2022-02-17,1,77,,1993,421,2022-02-15
1589,21854,Stayed,2022-02-18,2022-02-19,1,239,,2405,509,2022-02-15
1252,30922,Stayed,2022-02-17,2022-02-18,2,229,,9617,2115,2022-02-15
1063,32581,No Show,2022-02-15,2022-02-17,1,56,,3448,759,2022-02-15
1611,36152,Stayed,2022-02-15,2022-02-16,1,77,,1942,411,2022-02-15
1003,36635,Stayed,2022-02-16,2022-02-17,1,252,,2616,553,2022-02-15
1873,37618,Stayed,2022-02-16,2022-02-17,1,238,,4354,921,2022-02-15
1373,45090,Stayed,2022-02-15,2022-02-16,1,551,,5654,1196,2022-02-15
1854,50957,No Show,2022-02-15,2022-02-16,1,44,,2599,550,2022-02-15
1097,57801,Cancelled,2022-02-16,2022-02-20,1,86,,9246,1956,2022-02-15
1855,58871,Stayed,2022-02-15,2022-02-16,1,44,,2339,1181,2022-02-15
1203,59828,Stayed,2022-02-15,2022-02-16,1,315,,3194,675,2022-02-15
1612,63082,Cancelled,2022-02-15,2022-02-16,1,77,,2233,473,2022-02-15
1305,74653,Stayed,2022-02-15,2022-02-16,1,716,,3184,701,2022-02-15
1355,75341,Stayed,2022-02-19,2022-02-21,1,380,,3897,825,2022-02-15
1675,76269,Cancelled,2022-02-15,2022-02-16,2,998,,7537,1595,2022-02-15
1389,77061,Cancelled,2022-04-08,2022-04-10,1,74,,4547,963,2022-02-15
1143,77179,Stayed,2022-02-15,2022-02-17,1,106,,5587,1183,2022-02-15
1584,79500,Stayed,2022-02-18,2022-02-20,1,239,,5018,1062,2022-02-15
1734,87373,Cancelled,2022-02-15,2022-02-17,1,373,,4352,921,2022-02-15
1790,106583,Stayed,2022-02-23,2022-02-24,1,68,,4484,948,2022-02-15
1824,107622,Stayed,2022-02-15,2022-02-16,1,574,,2664,677,2022-02-15
1674,115233,Stayed,2022-02-24,2022-02-26,1,843,,10527,2228,2022-02-15
1766,121362,Cancelled,2022-04-15,2022-04-18,1,226,,6821,0,2022-02-15
1443,126952,Cancelled,2022-02-15,2022-02-16,1,37,,2404,508,2022-02-15
1780,127745,Stayed,2022-02-16,2022-02-18,1,800,,5983,1317,2022-02-15
1048,130739,Stayed,2022-02-16,2022-02-17,1,486,,2599,572,2022-02-15
1162,137492,Stayed,2022-02-15,2022-02-16,1,691,,1953,414,2022-02-15
1835,140493,No Show,2022-02-16,2022-02-17,1,162,,2649,561,2022-02-15
1469,165031,Cancelled,2022-02-19,2022-02-20,1,13,,1884,398,2022-02-15
1109,172653,No Show,2022-03-09,2022-03-10,2,760,,8447,1788,2022-02-15
1372,183351,Cancelled,2022-02-17,2022-02-19,1,437,,8707,1915,2022-02-15
1806,189022,Stayed,2022-02-15,2022-02-16,1,261,,2014,426,2022-02-15
1340,199611,Cancelled,2022-02-17,2022-02-18,1,366,,2188,556,2022-02-15
1399,199981,Stayed,2022-02-15,2022-02-16,1,178,,2599,0,2022-02-15
1468,3424,Stayed,2022-02-16,2022-02-17,1,13,,2014,426,2022-02-16
1467,7592,Cancelled,2022-02-17,2022-02-18,1,13,,2079,440,2022-02-16
1243,9108,Cancelled,2022-02-17,2022-02-18,1,473,,2469,543,2022-02-16
1919,27465,Cancelled,2022-02-16,2022-02-17,1,211,,5134,1086,2022-02-16
1297,33086,Stayed,2022-02-16,2022-02-17,1,302,,2794,591,2022-02-16
1842,33926,Cancelled,2022-02-26,2022-02-27,1,203,,2599,550,2022-02-16
1427,35737,Cancelled,2022-02-24,2022-02-25,1,33,,2079,458,2022-02-16
1608,36152,Stayed,2022-02-16,2022-02-17,1,77,,2006,425,2022-02-16
1867,41034,Stayed,2022-02-16,2022-02-17,1,677,,2339,515,2022-02-16
1128,47695,Stayed,2022-02-16,2022-02-17,1,894,,2469,523,2022-02-16
1366,49800,Cancelled,2022-02-16,2022-02-17,1,62,,2209,468,2022-02-16
1365,50981,Cancelled,2022-02-16,2022-02-17,1,62,,2664,563,2022-02-16
1823,51525,Stayed,2022-02-16,2022-02-20,1,574,,11887,2615,2022-02-16
1551,55556,Cancelled,2022-02-17,2022-02-18,1,346,,2339,495,2022-02-16
1544,56894,Stayed,2022-02-16,2022-02-17,1,653,,2664,563,2022-02-16
1452,59877,Cancelled,2022-02-16,2022-02-17,1,449,,1958,415,2022-02-16
1223,64673,Stayed,2022-02-25,2022-02-26,1,132,,4224,893,2022-02-16
1769,71996,Cancelled,2022-02-19,2022-02-22,1,267,,17351,3817,2022-02-16
1341,73006,Stayed,2022-02-17,2022-02-18,1,366,,2018,513,2022-02-16
1543,74860,Cancelled,2022-02-22,2022-02-23,1,653,,2534,536,2022-02-16
1759,102793,Stayed,2022-02-16,2022-02-17,1,136,,5199,1100,2022-02-16
1623,110482,Stayed,2022-02-20,2022-02-25,1,58,,9744,2061,2022-02-16
1177,113815,Stayed,2022-02-17,2022-02-18,1,633,,3574,756,2022-02-16
1715,121461,Cancelled,2022-02-17,2022-02-18,2,507,,5327,1128,2022-02-16
1879,131959,Stayed,2022-02-17,2022-02-19,1,594,,7667,1686,2022-02-16
1324,142383,Stayed,2022-03-08,2022-03-09,3,147,,12086,2659,2022-02-16
1639,146622,Stayed,2022-02-16,2022-02-17,1,417,,2649,561,2022-02-16
1465,165031,Stayed,2022-02-19,2022-02-20,1,13,,1754,371,2022-02-16
1007,170174,Stayed,2022-02-16,2022-02-17,1,571,,3769,798,2022-02-16
1175,170174,Cancelled,2022-02-16,2022-02-17,1,978,,3834,811,2022-02-16
1134,172023,Cancelled,2022-02-17,2022-02-19,1,251,,5067,1073,2022-02-16
1184,172653,Stayed,2022-02-20,2022-02-22,1,359,,4417,935,2022-02-16
1556,184274,Cancelled,2022-02-18,2022-02-19,1,176,,3419,724,2022-02-16
1039,192914,Stayed,2022-02-16,2022-02-17,1,468,,3249,825,2022-02-16
1586,5397,Stayed,2022-02-18,2022-02-20,1,239,,5756,1218,2022-02-17
1567,7443,Stayed,2022-02-18,2022-02-19,1,50,,3054,646,2022-02-17
1242,8760,Stayed,2022-02-18,2022-02-19,1,473,,2729,578,2022-02-17
1304,9187,Cancelled,2022-02-17,2022-02-18,1,716,,3379,858,2022-02-17
1569,12484,Cancelled,2022-02-22,2022-02-23,1,50,,2534,536,2022-02-17
1515,18139,Cancelled,2022-02-18,2022-02-19,1,515,,2664,563,2022-02-17
1818,27435,Cancelled,2022-02-17,2022-02-18,2,670,,5197,1100,2022-02-17
1347,33558,Stayed,2022-02-20,2022-02-22,1,960,,4360,959,2022-02-17
1237,41043,Cancelled,2022-02-17,2022-02-18,1,31,,4224,1073,2022-02-17
1239,41043,No Show,2022-02-17,2022-02-18,1,265,,3964,872,2022-02-17
1607,47276,Cancelled,2022-02-18,2022-02-19,1,77,,3229,820,2022-02-17
1356,58754,Cancelled,2022-03-20,2022-03-21,1,130,,1429,363,2022-02-17
1659,58858,Stayed,2022-02-17,2022-02-19,1,522,,5457,1200,2022-02-17
1852,67635,Cancelled,2022-02-18,2022-02-19,1,569,,2989,759,2022-02-17
1878,68688,Stayed,2022-02-17,2022-02-19,1,594,,8596,1818,2022-02-17
1747,69881,Cancelled,2022-03-04,2022-03-05,1,750,,3379,744,2022-02-17
1753,72844,Stayed,2022-02-18,2022-02-19,1,235,,4593,971,2022-02-17
1542,74860,Cancelled,2022-03-01,2022-03-02,1,653,,3119,660,2022-02-17
1901,76046,No Show,2022-02-17,2022-02-18,1,646,,3316,702,2022-02-17
1139,77179,Stayed,2022-02-17,2022-02-23,1,106,,18127,3835,2022-02-17
1141,77179,Stayed,2022-02-17,2022-02-18,1,106,,3184,673,2022-02-17
1388,101051,Stayed,2022-02-17,2022-02-18,1,74,,2924,618,2022-02-17
1786,104160,Stayed,2022-03-16,2022-03-17,4,117,,25995,5719,2022-02-17
1788,104160,Cancelled,2022-02-22,2022-02-23,5,117,,23719,5017,2022-02-17
1171,137492,Stayed,2022-02-17,2022-02-18,1,820,,2339,495,2022-02-17
1638,146622,Stayed,2022-02-17,2022-02-18,1,417,,2259,479,2022-02-17
1636,153758,Cancelled,2022-02-20,2022-02-21,1,417,,1732,366,2022-02-17
1173,170174,Stayed,2022-02-17,2022-02-18,1,978,,3769,798,2022-02-17
1155,172023,Stayed,2022-02-17,2022-02-19,1,757,,5840,1235,2022-02-17
1375,183032,Cancelled,2022-02-25,2022-02-26,1,233,,2794,591,2022-02-17
1339,192084,Cancelled,2022-02-18,2022-02-19,1,366,,2847,603,2022-02-17
1704,194653,Stayed,2022-02-17,2022-02-18,1,599,,1869,396,2022-02-17
1294,2029,Stayed,2022-02-18,2022-02-19,1,205,,3119,660,2022-02-18
1911,9330,No Show,2022-02-18,2022-02-19,1,648,,1914,405,2022-02-18
1918,9330,Stayed,2022-02-18,2022-02-19,1,211,,4744,1003,2022-02-18
1620,11025,Stayed,2022-02-18,2022-02-19,1,364,,2079,440,2022-02-18
1604,19795,Stayed,2022-02-20,2022-02-21,1,77,,1888,399,2022-02-18
1054,42849,Cancelled,2022-02-18,2022-02-19,1,812,,2144,453,2022-02-18
1605,51090,Cancelled,2022-02-19,2022-02-20,1,77,,2035,430,2022-02-18
1265,51367,Stayed,2022-02-18,2022-02-19,1,328,,5004,1101,2022-02-18
1354,55452,Cancelled,2022-02-22,2022-02-24,1,380,,4417,935,2022-02-18
1358,64143,Stayed,2022-02-18,2022-02-19,1,396,,3704,815,2022-02-18
1908,64784,Cancelled,2022-02-19,2022-02-21,1,813,,6107,1293,2022-02-18
1417,69202,Stayed,2022-02-18,2022-02-19,1,29,,2469,523,2022-02-18
1448,73006,No Show,2022-02-21,2022-02-26,1,37,,11369,2405,2022-02-18
1449,73006,No Show,2022-02-20,2022-02-21,1,37,,2274,481,2022-02-18
1775,85093,Stayed,2022-02-18,2022-02-19,1,885,,2794,591,2022-02-18
1113,85555,Stayed,2022-02-23,2022-02-27,1,597,,11710,2576,2022-02-18
1882,93021,Stayed,2022-02-18,2022-02-19,1,614,,3444,728,2022-02-18
1907,93021,Cancelled,2022-02-18,2022-02-19,1,652,,3054,672,2022-02-18
1034,105919,Cancelled,2022-02-19,2022-02-20,2,232,,5533,1218,2022-02-18
1800,108885,Cancelled,2022-02-19,2022-02-20,1,567,,5524,1168,2022-02-18
1241,112410,No Show,2022-02-21,2022-02-22,1,473,,2469,685,2022-02-18
1176,113815,Stayed,2022-02-18,2022-02-19,1,633,,3574,756,2022-02-18
1201,133250,Stayed,2022-02-18,2022-02-19,1,315,,3099,656,2022-02-18
1889,137026,Stayed,2022-02-18,2022-02-21,1,736,,13190,3570,2022-02-18
1488,142556,Stayed,2022-02-18,2022-02-19,1,629,,2534,536,2022-02-18
1012,145104,Stayed,2022-02-18,2022-02-19,1,109,,2859,605,2022-02-18
1518,159431,Stayed,2022-02-18,2022-02-19,1,523,,3379,858,2022-02-18
1174,170174,Stayed,2022-02-18,2022-02-19,1,978,,3704,783,2022-02-18
1189,171586,Stayed,2022-02-20,2022-02-23,1,299,,10460,2213,2022-02-18
1218,180388,Stayed,2022-02-18,2022-02-19,1,557,,2989,658,2022-02-18
1603,182292,Stayed,2022-02-20,2022-02-21,1,77,,1888,399,2022-02-18
1881,184545,Stayed,2022-02-22,2022-02-25,1,614,,8186,1731,2022-02-18
1226,185319,Stayed,2022-02-18,2022-02-19,1,883,,3588,759,2022-02-18
1561,7845,Stayed,2022-02-20,2022-02-21,1,176,,2011,426,2022-02-19
1619,11025,Stayed,2022-02-19,2022-02-20,1,364,,1884,398,2022-02-19
1001,32661,Stayed,2022-02-19,2022-02-20,1,252,,2506,530,2022-02-19
1464,32772,Cancelled,2022-02-25,2022-02-27,1,13,,3507,771,2022-02-19
1841,33926,Stayed,2022-02-26,2022-02-27,1,203,,2599,660,2022-02-19
1658,54134,No Show,2022-02-20,2022-02-21,1,522,,2274,481,2022-02-19
1272,55575,Stayed,2022-02-19,2022-02-20,1,301,,3184,809,2022-02-19
1094,57801,Stayed,2022-02-20,2022-02-21,1,86,,1730,366,2022-02-19
1136,68720,Stayed,2022-02-19,2022-02-20,1,756,,2339,495,2022-02-19
1227,76262,Stayed,2022-02-19,2022-02-20,1,883,,3588,759,2022-02-19
1440,83024,Cancelled,2022-02-19,2022-02-20,1,305,,2144,453,2022-02-19
1348,118645,Cancelled,2022-02-21,2022-02-22,1,960,,1560,343,2022-02-19
1332,130164,Cancelled,2022-02-25,2022-02-26,1,394,,4549,963,2022-02-19
1752,134014,Cancelled,2022-02-19,2022-02-20,1,235,,3062,648,2022-02-19
1695,143278,Stayed,2022-02-19,2022-02-21,1,626,,3832,811,2022-02-19
1216,156740,Stayed,2022-02-19,2022-02-20,1,557,,2339,495,2022-02-19
1588,171180,Stayed,2022-02-19,2022-02-20,1,239,,1888,399,2022-02-19
1264,171359,Stayed,2022-02-20,2022-02-21,1,328,,3704,783,2022-02-19
1200,180388,Cancelled,2022-02-26,2022-02-27,1,315,,3189,674,2022-02-19
1161,181599,Stayed,2022-02-20,2022-02-23,1,691,,5690,1252,2022-02-19
1779,186259,Stayed,2022-02-19,2022-02-21,1,800,,7363,1620,2022-02-19
1428,190208,Stayed,2022-02-19,2022-02-20,1,33,,2079,440,2022-02-19
1737,192450,Stayed,2022-02-19,2022-02-20,1,407,,5459,1386,2022-02-19
1250,197416,Cancelled,2022-05-10,2022-05-11,1,73,,2469,523,2022-02-19
1217,198706,Cancelled,2022-02-19,2022-02-20,1,557,,2079,440,2022-02-19
1320,14557,Cancelled,2022-02-24,2022-02-27,1,25,,11954,2529,2022-02-20
1585,21152,Cancelled,2022-02-21,2022-02-22,1,239,,2129,469,2022-02-20
1628,27112,Stayed,2022-03-04,2022-03-06,1,448,,6237,1320,2022-02-20
1808,27527,Cancelled,2022-02-20,2022-02-21,1,59,,1819,385,2022-02-20
1859,27527,Stayed,2022-02-20,2022-02-21,1,677,,2014,426,2022-02-20
1795,41023,Cancelled,2022-02-21,2022-02-22,1,325,,3444,728,2022-02-20
1797,44087,Cancelled,2022-02-20,2022-02-24,1,186,,18455,4685,2022-02-20
1527,44291,Stayed,2022-02-21,2022-02-22,1,399,,2144,545,2022-02-20
1566,45644,Stayed,2022-02-20,2022-02-23,1,50,,6821,1443,2022-02-20
1027,47963,Stayed,2022-02-20,2022-02-21,1,88,,1837,388,2022-02-20
1692,50396,Stayed,2022-02-21,2022-02-22,1,689,,3899,825,2022-02-20
1717,55143,Stayed,2022-02-20,2022-02-21,1,192,,3704,783,2022-02-20
1093,57801,Stayed,2022-02-21,2022-02-22,1,86,,1894,400,2022-02-20
1360,60395,Stayed,2022-02-22,2022-02-23,1,564,,2534,536,2022-02-20
1151,60635,Stayed,2022-03-04,2022-03-05,1,244,,2209,561,2022-02-20
1860,70196,Cancelled,2022-02-20,2022-02-21,1,677,,2339,495,2022-02-20
1886,78903,Stayed,2022-02-24,2022-02-26,1,751,,8382,1773,2022-02-20
1270,83516,Stayed,2022-02-23,2022-02-24,1,301,,2664,563,2022-02-20
1377,90112,Stayed,2022-02-21,2022-02-22,1,233,,2534,558,2022-02-20
1758,90622,Stayed,2022-02-20,2022-02-21,1,136,,5654,1196,2022-02-20
1624,93374,Stayed,2022-02-21,2022-02-24,1,58,,5795,1275,2022-02-20
1625,93374,Stayed,2022-02-20,2022-02-21,1,58,,1884,415,2022-02-20
1761,106720,Cancelled,2022-02-21,2022-02-23,1,223,,9682,2048,2022-02-20
1225,111950,Cancelled,2022-02-20,2022-02-21,1,883,,3588,759,2022-02-20
1179,120340,Cancelled,2022-02-20,2022-02-21,1,888,,2600,572,2022-02-20
1739,127171,Cancelled,2022-03-10,2022-03-20,1,534,,87737,18560,2022-02-20
1169,137492,Stayed,2022-02-20,2022-02-21,1,820,,2209,468,2022-02-20
1059,138055,Cancelled,2022-02-20,2022-02-21,1,107,,3314,701,2022-02-20
1657,144056,Stayed,2022-02-21,2022-02-22,1,522,,2339,495,2022-02-20
1583,165036,Stayed,2022-02-21,2022-02-22,1,239,,1888,416,2022-02-20
1104,167471,Stayed,2022-02-20,2022-02-21,1,161,,1594,338,2022-02-20
1357,187505,Stayed,2022-02-20,2022-02-21,1,396,,2599,572,2022-02-20
1023,193036,Cancelled,2022-03-06,2022-03-08,1,88,,5580,1180,2022-02-20
1077,193154,Cancelled,2022-02-21,2022-02-24,1,295,,8771,1929,2022-02-20
1168,9065,Stayed,2022-02-21,2022-02-24,1,820,,7149,1573,2022-02-21
1331,9894,Stayed,2022-02-28,2022-03-01,1,49,,2989,633,2022-02-21
1748,22782,Stayed,2022-02-21,2022-02-22,1,750,,2209,561,2022-02-21
1313,28621,Cancelled,2022-02-23,2022-02-24,1,146,,3466,734,2022-02-21
1026,47963,Stayed,2022-02-21,2022-02-22,1,88,,2349,497,2022-02-21
1384,50471,Stayed,2022-02-21,2022-02-22,1,701,,3119,686,2022-02-21
1350,55452,Stayed,2022-02-22,2022-02-24,1,579,,4677,990,2022-02-21
1090,57801,Stayed,2022-02-22,2022-02-23,1,86,,1749,370,2022-02-21
1374,61890,Stayed,2022-02-21,2022-02-22,1,548,,3444,728,2022-02-21
1798,66108,Cancelled,2022-02-26,2022-02-27,1,111,,3119,660,2022-02-21
1334,77175,Stayed,2022-03-21,2022-03-23,1,366,,3557,903,2022-02-21
1156,77745,Cancelled,2022-03-04,2022-03-07,1,757,,9204,1947,2022-02-21
1925,78365,Stayed,2022-02-22,2022-02-23,1,619,,2599,550,2022-02-21
1577,78708,Stayed,2022-02-21,2022-02-22,1,241,,1884,398,2022-02-21
1364,82104,Cancelled,2022-02-21,2022-02-22,1,62,,1754,371,2022-02-21
1416,83735,Stayed,2022-02-23,2022-02-24,1,29,,2209,468,2022-02-21
1525,85993,Stayed,2022-02-22,2022-02-23,1,399,,2144,453,2022-02-21
1526,85993,Cancelled,2022-02-21,2022-02-22,1,399,,2144,453,2022-02-21
1376,90112,Stayed,2022-02-22,2022-02-24,1,233,,5262,1157,2022-02-21
1575,95557,Stayed,2022-02-21,2022-02-22,2,578,,6887,1748,2022-02-21
1618,99396,Stayed,2022-02-23,2022-02-24,1,364,,2404,508,2022-02-21
1051,105620,Stayed,2022-02-22,2022-02-23,1,128,,2924,618,2022-02-21
1052,105620,Cancelled,2022-02-22,2022-02-23,1,128,,2924,618,2022-02-21
1053,105620,Stayed,2022-02-21,2022-02-22,1,128,,2924,618,2022-02-21
1537,108360,Cancelled,2022-02-25,2022-02-26,1,131,,2079,440,2022-02-21
1598,110482,Stayed,2022-02-28,2022-03-04,1,77,,7472,1581,2022-02-21
1745,127171,Cancelled,2022-03-15,2022-03-16,1,566,,8384,1845,2022-02-21
1684,131261,Stayed,2022-02-21,2022-02-22,1,342,,2534,536,2022-02-21
1293,134107,Stayed,2022-02-22,2022-02-23,1,205,,3054,646,2022-02-21
1820,135873,Stayed,2022-02-21,2022-02-23,1,324,,4157,914,2022-02-21
1910,139513,Cancelled,2022-03-05,2022-03-07,2,648,,10837,2292,2022-02-21
1833,140493,No Show,2022-02-21,2022-02-22,2,162,,3744,792,2022-02-21
1834,140493,Cancelled,2022-02-21,2022-02-22,2,162,,5647,1195,2022-02-21
1693,142597,Stayed,2022-02-21,2022-02-22,1,626,,2014,426,2022-02-21
1694,142597,Stayed,2022-02-21,2022-02-22,1,626,,2534,536,2022-02-21
1282,142920,Cancelled,2022-02-22,2022-02-24,1,456,,5457,1385,2022-02-21
1891,178334,Stayed,2022-02-21,2022-02-22,1,663,,2080,458,2022-02-21
1538,1864,Stayed,2022-02-22,2022-02-23,1,131,,1494,316,2022-02-22
1487,6892,Stayed,2022-02-23,2022-02-24,1,629,,1949,413,2022-02-22
1447,10362,Cancelled,2022-02-22,2022-02-23,1,37,,2014,426,2022-02-22
1258,23393,Cancelled,2022-02-22,2022-02-23,1,99,,4679,990,2022-02-22
1091,38832,Stayed,2022-02-22,2022-02-23,1,86,,1386,294,2022-02-22
1363,42520,Stayed,2022-02-22,2022-02-23,1,62,,2144,453,2022-02-22
1088,57801,Stayed,2022-02-23,2022-02-24,1,86,,1867,395,2022-02-22
1509,69975,Stayed,2022-02-22,2022-02-23,1,955,,1689,358,2022-02-22
1138,77179,Stayed,2022-02-23,2022-02-25,1,106,,5587,1183,2022-02-22
1802,94430,Cancelled,2022-02-25,2022-02-28,1,500,,6626,1458,2022-02-22
1785,104160,Stayed,2022-03-16,2022-03-18,1,117,,12997,2750,2022-02-22
1832,140493,Cancelled,2022-02-22,2022-02-23,2,162,,4966,1051,2022-02-22
1836,140493,Cancelled,2022-02-23,2022-02-25,2,162,,12449,2633,2022-02-22
1634,145838,Stayed,2022-02-22,2022-02-23,1,417,,1776,376,2022-02-22
1188,146718,Stayed,2022-02-22,2022-02-23,1,299,,2859,605,2022-02-22
1550,150771,Stayed,2022-02-23,2022-02-24,1,346,,2404,508,2022-02-22
1877,177132,Cancelled,2022-02-22,2022-03-02,1,594,,24180,5320,2022-02-22
1383,187774,Stayed,2022-02-22,2022-02-23,1,701,,2859,605,2022-02-22
1707,3288,Cancelled,2022-02-24,2022-02-26,1,169,,3637,800,2022-02-23
1735,3846,Cancelled,2022-02-23,2022-02-24,1,294,,1608,340,2022-02-23
1401,7310,Cancelled,2022-02-23,2022-02-24,2,263,,4417,935,2022-02-23
1853,8611,Stayed,2022-02-24,2022-02-26,1,44,,5847,1238,2022-02-23
1726,10815,Stayed,2022-02-24,2022-02-26,1,932,,4157,880,2022-02-23
1796,13678,Stayed,2022-02-24,2022-02-25,1,879,,6564,1388,2022-02-23
1240,17980,Cancelled,2022-02-24,2022-02-25,1,473,,2794,591,2022-02-23
1768,21366,Stayed,2022-02-23,2022-02-24,1,267,,5199,1144,2022-02-23
1446,23689,Cancelled,2022-02-24,2022-02-26,1,37,,4287,908,2022-02-23
1125,24587,Stayed,2022-02-23,2022-02-24,1,84,,1754,371,2022-02-23
1263,31583,Stayed,2022-02-25,2022-02-26,1,328,,3834,811,2022-02-23
1061,37827,Cancelled,2022-04-24,2022-04-26,2,274,,12475,2639,2022-02-23
1318,48802,Cancelled,2022-02-25,2022-02-26,1,25,,3054,646,2022-02-23
1395,52555,Stayed,2022-02-23,2022-02-24,1,116,,1689,358,2022-02-23
1086,57801,Stayed,2022-02-24,2022-02-25,1,86,,2025,429,2022-02-23
1885,82206,Stayed,2022-02-26,2022-02-27,1,751,,3964,838,2022-02-23
1917,126588,Stayed,2022-02-23,2022-02-24,1,211,,4029,853,2022-02-23
1269,134413,Cancelled,2022-02-26,2022-02-27,1,301,,3054,776,2022-02-23
1819,135873,Stayed,2022-02-23,2022-02-24,1,324,,2404,529,2022-02-23
1803,137573,Cancelled,2022-02-23,2022-02-24,1,500,,2144,453,2022-02-23
1434,162890,Stayed,2022-02-24,2022-02-25,1,33,,2014,426,2022-02-23
1085,172023,Stayed,2022-02-24,2022-02-26,1,86,,4347,920,2022-02-23
1025,193036,Cancelled,2022-03-04,2022-03-08,1,88,,11575,2449,2022-02-23
1359,195573,Cancelled,2022-02-23,2022-02-24,1,391,,2534,536,2022-02-23
1757,4141,Stayed,2022-02-26,2022-03-01,1,136,,12476,2639,2022-02-24
1435,5633,Stayed,2022-02-24,2022-02-25,1,33,,1624,413,2022-02-24
1404,5977,Stayed,2022-02-24,2022-02-25,1,21,,1819,385,2022-02-24
1405,5977,Stayed,2022-02-24,2022-02-25,1,21,,1819,385,2022-02-24
1778,9133,Stayed,2022-02-24,2022-02-25,2,800,,7233,1530,2022-02-24
1024,9197,Cancelled,2022-03-03,2022-03-05,1,88,,6388,1352,2022-02-24
1507,10629,Stayed,2022-02-24,2022-02-25,1,955,,2144,453,2022-02-24
1508,10629,No Show,2022-02-24,2022-02-25,1,955,,2144,453,2022-02-24
1317,14557,Stayed,2022-02-25,2022-02-27,1,25,,7342,1615,2022-02-24
1319,14557,Stayed,2022-02-24,2022-02-25,1,25,,3314,729,2022-02-24
1406,18261,No Show,2022-02-24,2022-02-25,1,21,,2014,426,2022-02-24
1656,38145,Stayed,2022-02-25,2022-02-26,1,522,,2469,523,2022-02-24
1371,45972,Stayed,2022-02-24,2022-02-25,1,437,,4419,935,2022-02-24
1353,50594,No Show,2022-02-24,2022-02-25,1,380,,1949,429,2022-02-24
1462,54218,Cancelled,2022-02-26,2022-02-27,1,13,,2079,440,2022-02-24
1084,57801,Stayed,2022-02-26,2022-02-27,1,86,,2015,427,2022-02-24
1096,57801,Cancelled,2022-02-26,2022-02-27,1,86,,2094,443,2022-02-24
1303,74653,Stayed,2022-02-24,2022-02-25,1,716,,3444,875,2022-02-24
1541,74860,Stayed,2022-02-25,2022-02-26,1,653,,2599,550,2022-02-24
1325,85699,Stayed,2022-02-25,2022-02-26,1,147,,4354,921,2022-02-24
1630,109602,Cancelled,2022-02-24,2022-02-25,1,448,,2664,586,2022-02-24
1199,111098,Cancelled,2022-02-26,2022-02-27,1,315,,3487,738,2022-02-24
1268,134413,Stayed,2022-03-05,2022-03-06,1,301,,3054,776,2022-02-24
1445,154563,Cancelled,2022-02-25,2022-02-26,2,37,,5392,1141,2022-02-24
1160,172114,Stayed,2022-02-25,2022-02-26,1,691,,1888,399,2022-02-24
1683,180438,Cancelled,2022-03-04,2022-03-05,1,342,,2664,563,2022-02-24
1831,182991,Stayed,2022-02-24,2022-02-25,1,162,,2657,562,2022-02-24
1533,6317,Cancelled,2022-02-25,2022-02-26,2,848,,6757,1430,2022-02-25
1851,8380,Stayed,2022-02-26,2022-03-03,1,287,,11174,2364,2022-02-25
1215,8864,Cancelled,2022-02-25,2022-02-26,1,557,,2664,563,2022-02-25
1316,12377,Cancelled,2022-03-07,2022-03-11,1,25,,11565,2446,2022-02-25
1809,17106,Stayed,2022-02-26,2022-02-27,1,59,,2079,458,2022-02-25
1118,26389,Stayed,2022-02-25,2022-02-26,1,154,,2924,618,2022-02-25
1805,31449,Stayed,2022-02-25,2022-02-26,2,261,,5977,1265,2022-02-25
1069,40906,Stayed,2022-02-25,2022-02-26,1,245,,2573,567,2022-02-25
1111,56000,Stayed,2022-02-26,2022-03-01,1,597,,7734,1636,2022-02-25
1706,60395,Stayed,2022-02-25,2022-02-26,1,169,,1364,288,2022-02-25
1667,70944,Stayed,2022-02-25,2022-02-26,2,478,,4677,990,2022-02-25
1874,72061,Stayed,2022-02-25,2022-02-26,1,620,,3964,838,2022-02-25
1352,73006,Stayed,2022-02-25,2022-02-26,1,380,,2014,426,2022-02-25
1756,78447,Cancelled,2022-03-11,2022-03-13,1,235,,7322,1549,2022-02-25
1022,86029,Stayed,2022-02-25,2022-02-26,1,109,,3769,798,2022-02-25
1117,106210,Cancelled,2022-03-05,2022-03-07,1,154,,4287,943,2022-02-25
1149,106508,Cancelled,2022-02-25,2022-02-26,1,244,,3119,660,2022-02-25
1076,124252,Cancelled,2022-03-07,2022-03-08,1,295,,3119,660,2022-02-25
1899,129987,Stayed,2022-02-27,2022-02-28,1,646,,3084,783,2022-02-25
1110,138286,Stayed,2022-02-25,2022-02-26,1,355,,3054,646,2022-02-25
1772,182491,Cancelled,2022-03-26,2022-03-27,1,234,,3509,891,2022-02-25
1773,182491,Stayed,2022-02-26,2022-02-27,1,234,,3444,728,2022-02-25
1222,183794,Stayed,2022-02-25,2022-02-26,2,132,,10137,2145,2022-02-25
1198,189735,Stayed,2022-03-25,2022-03-26,1,315,,3679,779,2022-02-25
1555,192011,Stayed,2022-02-25,2022-02-26,1,176,,2315,490,2022-02-25
1554,193136,Stayed,2022-02-25,2022-02-26,1,176,,2600,572,2022-02-25
1255,194849,Stayed,2022-02-26,2022-02-28,1,428,,9227,2030,2022-02-25
1131,196829,Stayed,2022-02-26,2022-03-03,1,612,,8769,1855,2022-02-25
1463,197733,Cancelled,2022-02-26,2022-02-27,1,13,,2079,440,2022-02-25
1776,199279,Cancelled,2022-02-26,2022-02-28,1,335,,6162,1355,2022-02-25
1403,3510,Stayed,2022-02-26,2022-02-27,1,21,,2144,453,2022-02-26
1655,6006,Cancelled,2022-02-27,2022-02-28,1,522,,2404,508,2022-02-26
1730,8066,Stayed,2022-02-26,2022-02-27,1,919,,1754,371,2022-02-26
1042,19943,Stayed,2022-03-03,2022-03-04,1,684,,3574,756,2022-02-26
1672,27328,Stayed,2022-03-17,2022-03-20,1,997,,14360,3038,2022-02-26
1562,32005,Stayed,2022-02-26,2022-02-27,1,517,,1884,398,2022-02-26
1330,37622,Stayed,2022-02-27,2022-03-01,1,166,,8057,1705,2022-02-26
1333,46140,Stayed,2022-02-27,2022-02-28,1,350,,2469,543,2022-02-26
1807,54065,Stayed,2022-02-26,2022-02-27,1,59,,2014,426,2022-02-26
1083,57801,Stayed,2022-02-27,2022-02-28,1,86,,1777,376,2022-02-26
1705,60395,Stayed,2022-02-26,2022-02-27,1,169,,1169,248,2022-02-26
1011,66762,Cancelled,2022-03-04,2022-03-05,1,109,,3184,673,2022-02-26
1082,75795,Stayed,2022-02-26,2022-02-28,1,86,,3656,773,2022-02-26
1816,101446,No Show,2022-02-26,2022-02-27,1,670,,2274,481,2022-02-26
1817,101446,Cancelled,2022-02-26,2022-02-27,1,670,,2274,481,2022-02-26
1021,106508,Stayed,2022-02-26,2022-02-27,1,109,,2664,563,2022-02-26
1729,121698,Stayed,2022-02-27,2022-02-28,1,124,,2354,597,2022-02-26
1072,124252,Stayed,2022-03-07,2022-03-08,1,944,,3045,645,2022-02-26
1044,125092,Stayed,2022-02-27,2022-02-28,1,160,,2664,563,2022-02-26
1362,126821,Cancelled,2022-02-27,2022-03-01,1,62,,4417,935,2022-02-26
1777,132205,Cancelled,2022-03-01,2022-03-02,1,800,,3868,851,2022-02-26
1460,141201,Stayed,2022-02-27,2022-02-28,1,13,,1819,385,2022-02-26
1906,154121,Stayed,2022-02-26,2022-02-27,2,652,,5717,1451,2022-02-26
1670,154852,Stayed,2022-02-27,2022-02-28,1,996,,2794,591,2022-02-26
1292,158191,Stayed,2022-02-26,2022-02-27,1,205,,2599,550,2022-02-26
1159,172114,Stayed,2022-02-26,2022-02-27,1,691,,1516,321,2022-02-26
1451,187982,Stayed,2022-03-02,2022-03-03,1,449,,2308,508,2022-02-26
1549,3207,Stayed,2022-02-27,2022-02-28,1,346,,1819,385,2022-02-27
1600,6085,Stayed,2022-03-03,2022-03-04,1,77,,2183,462,2022-02-27
1461,10362,Stayed,2022-02-27,2022-02-28,1,13,,1819,385,2022-02-27
1564,13060,Stayed,2022-03-01,2022-03-02,1,50,,2404,508,2022-02-27
1601,13359,Stayed,2022-02-27,2022-02-28,1,77,,1888,399,2022-02-27
1828,14674,Cancelled,2022-02-28,2022-03-01,1,162,,2508,530,2022-02-27
1311,14778,Cancelled,2022-03-03,2022-03-06,1,135,,7406,1566,2022-02-27
1337,15447,Stayed,2022-02-27,2022-02-28,1,366,,1560,396,2022-02-27
1338,15447,Stayed,2022-02-28,2022-03-01,1,366,,2072,455,2022-02-27
1801,17092,Stayed,2022-03-04,2022-03-05,1,500,,2144,453,2022-02-27
1497,22963,Cancelled,2022-02-28,2022-03-01,1,440,,2144,453,2022-02-27
1124,30990,Cancelled,2022-02-28,2022-03-01,1,84,,1884,398,2022-02-27
1345,48657,Stayed,2022-02-27,2022-02-28,2,375,,2857,605,2022-02-27
1574,50187,Stayed,2022-02-27,2022-02-28,1,578,,2794,591,2022-02-27
1081,57801,Stayed,2022-02-28,2022-03-01,1,86,,1945,411,2022-02-27
1089,57801,Stayed,2022-03-01,2022-03-02,1,86,,1633,345,2022-02-27
1504,58858,Stayed,2022-02-27,2022-02-28,1,16,,2404,508,2022-02-27
1127,61353,Stayed,2022-03-04,2022-03-05,1,894,,2924,618,2022-02-27
1067,62006,Stayed,2022-02-28,2022-03-02,1,245,,4675,989,2022-02-27
1068,62006,Cancelled,2022-02-27,2022-03-02,1,245,,6868,1453,2022-02-27
1043,66598,Stayed,2022-02-27,2022-02-28,1,160,,3184,673,2022-02-27
1112,72648,Stayed,2022-02-28,2022-03-01,1,597,,2555,540,2022-02-27
1921,78365,Stayed,2022-03-01,2022-03-02,1,619,,2209,468,2022-02-27
1922,78365,Stayed,2022-02-28,2022-03-01,1,619,,2014,426,2022-02-27
1924,78365,Stayed,2022-02-27,2022-02-28,1,619,,2014,426,2022-02-27
1783,106210,Stayed,2022-02-28,2022-03-01,1,188,,2404,529,2022-02-27
1629,113889,Stayed,2022-02-27,2022-02-28,1,448,,1754,386,2022-02-27
1916,126588,Stayed,2022-02-28,2022-03-01,1,211,,3314,701,2022-02-27
1361,126821,Cancelled,2022-02-28,2022-03-01,1,62,,2144,453,2022-02-27
1740,127171,Cancelled,2022-03-14,2022-03-15,1,566,,7539,1659,2022-02-27
1741,127171,Cancelled,2022-03-16,2022-03-18,1,566,,15662,3445,2022-02-27
1742,127171,Cancelled,2022-03-15,2022-03-16,1,566,,7539,1659,2022-02-27
1743,127171,Cancelled,2022-03-10,2022-03-14,1,566,,31325,6892,2022-02-27
1501,134836,No Show,2022-03-04,2022-03-05,1,16,,2989,633,2022-02-27
1829,140493,Cancelled,2022-02-27,2022-02-28,2,162,,3536,748,2022-02-27
1830,140493,Cancelled,2022-02-27,2022-02-28,2,162,,3536,748,2022-02-27
1047,141430,Cancelled,2022-02-27,2022-02-28,1,486,,2209,561,2022-02-27
1923,142432,Stayed,2022-02-27,2022-03-01,1,619,,5197,1319,2022-02-27
1762,148880,Stayed,2022-02-27,2022-02-28,2,538,,11957,3035,2022-02-27
1415,155186,Stayed,2022-02-27,2022-02-28,1,29,,1884,398,2022-02-27
1020,161206,Stayed,2022-02-28,2022-03-01,1,109,,2924,618,2022-02-27
1158,172114,Stayed,2022-02-27,2022-02-28,1,691,,1595,338,2022-02-27
1336,182782,Cancelled,2022-03-01,2022-03-04,1,366,,5639,1194,2022-02-27
1787,186499,Stayed,2022-02-27,2022-02-28,1,117,,3444,875,2022-02-27
1300,186656,Stayed,2022-03-01,2022-03-03,1,668,,5847,1238,2022-02-27
1871,187033,Stayed,2022-03-01,2022-03-02,1,238,,3899,825,2022-02-27
1651,9560,Cancelled,2022-03-01,2022-03-02,1,365,,1364,0,2022-02-28
1459,10362,Stayed,2022-02-28,2022-03-01,1,13,,1819,385,2022-02-28
1426,13951,Cancelled,2022-03-02,2022-03-04,1,33,,3442,728,2022-02-28
1425,14499,Stayed,2022-03-02,2022-03-03,1,33,,1429,303,2022-02-28
1387,14708,Stayed,2022-03-01,2022-03-03,1,74,,4807,1057,2022-02-28
1335,15447,Stayed,2022-02-28,2022-03-01,1,366,,1560,343,2022-02-28
1414,20319,Stayed,2022-02-28,2022-03-01,7,29,,13056,3465,2022-02-28
1563,20754,Stayed,2022-03-03,2022-03-04,1,50,,2664,563,2022-02-28
1767,21716,Stayed,2022-03-02,2022-03-03,1,267,,5654,1196,2022-02-28
1496,22963,Cancelled,2022-03-01,2022-03-02,1,440,,2404,508,2022-02-28
1633,23493,Stayed,2022-02-28,2022-03-01,1,417,,2370,602,2022-02-28
1565,26860,Stayed,2022-02-28,2022-03-01,1,50,,2469,523,2022-02-28
1276,27492,Stayed,2022-02-28,2022-03-01,1,296,,2794,591,2022-02-28
1804,31449,Cancelled,2022-04-03,2022-04-09,1,261,,15974,3379,2022-02-28
1746,47396,Stayed,2022-03-02,2022-03-06,1,750,,10135,2230,2022-02-28
1571,57438,Stayed,2022-03-01,2022-03-03,2,50,,8575,2177,2022-02-28
1424,61311,Cancelled,2022-03-04,2022-03-05,1,33,,2014,426,2022-02-28
1066,62006,Stayed,2022-03-02,2022-03-03,1,245,,2327,493,2022-02-28
1045,67529,Stayed,2022-03-04,2022-03-05,1,486,,2664,677,2022-02-28
1599,72186,Cancelled,2022-03-04,2022-03-05,1,77,,2327,493,2022-02-28
1006,77745,Cancelled,2022-03-11,2022-03-14,1,571,,14750,3121,2022-02-28
1774,84630,Stayed,2022-02-28,2022-03-06,1,885,,16240,3435,2022-02-28
1536,91232,No Show,2022-03-01,2022-03-02,1,131,,1819,400,2022-02-28
1221,93346,Stayed,2022-03-01,2022-03-02,1,132,,3574,787,2022-02-28
1075,100305,Stayed,2022-03-01,2022-03-03,1,295,,5392,1141,2022-02-28
1398,103227,Cancelled,2022-02-28,2022-03-01,2,116,,3117,660,2022-02-28
1105,104980,No Show,2022-02-28,2022-03-01,1,161,,1405,297,2022-02-28
1106,104980,Stayed,2022-02-28,2022-03-01,1,161,,1463,309,2022-02-28
1057,122584,Cancelled,2022-03-06,2022-03-08,1,846,,7017,1485,2022-02-28
1167,137492,Stayed,2022-02-28,2022-03-01,1,820,,2274,481,2022-02-28
1691,148025,Stayed,2022-02-28,2022-03-01,1,704,,1594,351,2022-02-28
1763,148880,Stayed,2022-02-28,2022-03-01,2,538,,11892,2616,2022-02-28
1064,166201,Stayed,2022-06-01,2022-06-03,1,583,,6757,1430,2022-02-28
1157,172114,Stayed,2022-02-28,2022-03-01,1,691,,1580,334,2022-02-28
1302,190562,Cancelled,2022-02-28,2022-03-01,1,716,,2599,572,2022-02-28
1458,197733,Stayed,2022-03-01,2022-03-02,1,13,,1819,385,2022-02-28
2266,2263,Stayed,2022-03-01,2022-03-02,1,883,,3120,686,2022-03-01
2502,5868,Stayed,2022-03-03,2022-03-04,1,207,,1819,385,2022-03-01
2490,10362,Stayed,2022-03-01,2022-03-02,1,13,,1624,343,2022-03-01
2360,15447,Stayed,2022-03-01,2022-03-02,2,366,,4077,897,2022-03-01
2513,22963,Stayed,2022-03-01,2022-03-02,1,440,,2404,508,2022-03-01
2344,27905,Stayed,2022-03-02,2022-03-03,1,146,,3986,844,2022-03-01
2211,41034,Cancelled,2022-03-01,2022-03-03,1,978,,7732,1701,2022-03-01
2781,41279,Stayed,2022-03-03,2022-03-04,1,953,,3509,743,2022-03-01
2491,41471,Stayed,2022-03-01,2022-03-02,1,13,,2339,495,2022-03-01
2841,46976,Cancelled,2022-03-01,2022-03-02,1,567,,5654,1196,2022-03-01
2454,51037,Stayed,2022-03-02,2022-03-03,1,33,,1429,303,2022-03-01
2119,57801,Cancelled,2022-03-02,2022-03-03,1,86,,1897,402,2022-03-01
2093,70651,Stayed,2022-03-01,2022-03-02,1,383,,2794,591,2022-03-01
2325,73065,Stayed,2022-03-02,2022-03-03,1,314,,2209,468,2022-03-01
2275,76847,Stayed,2022-03-02,2022-03-04,1,473,,4157,880,2022-03-01
2667,77935,Stayed,2022-03-02,2022-03-03,1,522,,2014,426,2022-03-01
2184,82881,Cancelled,2022-04-14,2022-04-17,1,106,,10526,2226,2022-03-01
2681,88934,Stayed,2022-03-02,2022-03-03,1,478,,1624,343,2022-03-01
2337,91545,Cancelled,2022-03-21,2022-03-24,1,286,,7796,1649,2022-03-01
2807,100139,Stayed,2022-03-02,2022-03-04,1,234,,7407,1629,2022-03-01
2048,100771,Stayed,2022-03-01,2022-03-02,1,195,,2014,426,2022-03-01
2553,108360,Cancelled,2022-03-04,2022-03-05,1,399,,2404,508,2022-03-01
2455,109230,Cancelled,2022-03-03,2022-03-04,1,33,,2014,426,2022-03-01
2746,116321,Stayed,2022-03-01,2022-03-02,1,724,,2079,458,2022-03-01
2941,126588,Stayed,2022-03-01,2022-03-02,1,211,,3704,783,2022-03-01
2849,133115,Stayed,2022-03-01,2022-03-03,1,261,,4027,853,2022-03-01
2030,144909,Stayed,2022-03-11,2022-03-13,1,755,,8057,1705,2022-03-01
2727,153931,Cancelled,2022-03-07,2022-03-08,1,704,,2054,435,2022-03-01
2202,172114,Stayed,2022-03-01,2022-03-02,1,691,,2053,435,2022-03-01
2259,183359,Stayed,2022-03-05,2022-03-07,1,132,,6757,1430,2022-03-01
2407,193175,Stayed,2022-03-01,2022-03-03,1,74,,4547,963,2022-03-01
2534,220,Stayed,2022-03-02,2022-03-03,1,955,,1949,413,2022-03-02
2441,9133,Stayed,2022-03-11,2022-03-12,1,33,,2014,426,2022-03-02
2489,10362,Stayed,2022-03-02,2022-03-03,1,13,,1884,398,2022-03-02
2359,15447,Stayed,2022-03-02,2022-03-03,1,366,,2092,460,2022-03-02
2610,45644,Stayed,2022-03-02,2022-03-03,1,50,,2534,536,2022-03-02
2096,59140,Stayed,2022-03-02,2022-03-03,1,274,,3769,798,2022-03-02
2711,60296,Cancelled,2022-03-06,2022-03-07,1,342,,2859,605,2022-03-02
2824,60998,Stayed,2022-03-02,2022-03-04,1,800,,5728,1261,2022-03-02
2856,109075,Stayed,2022-03-03,2022-03-04,1,59,,2014,426,2022-03-02
2413,118827,No Show,2022-03-02,2022-03-03,1,116,,1884,398,2022-03-02
2414,118827,Cancelled,2022-03-03,2022-03-04,1,116,,1754,371,2022-03-02
2077,118918,Cancelled,2022-03-02,2022-03-03,1,486,,2144,453,2022-03-02
2756,121698,Stayed,2022-03-02,2022-03-03,1,124,,2293,582,2022-03-02
2204,137492,Stayed,2022-03-02,2022-03-03,1,820,,2274,481,2022-03-02
2935,139513,Cancelled,2022-03-07,2022-03-08,2,648,,5187,1098,2022-03-02
2726,153931,Cancelled,2022-03-07,2022-03-08,1,704,,1994,422,2022-03-02
2733,161137,Stayed,2022-03-02,2022-03-03,1,626,,1386,294,2022-03-02
2487,165031,Cancelled,2022-03-04,2022-03-05,1,13,,2014,426,2022-03-02
2412,172100,Cancelled,2022-03-15,2022-03-16,1,116,,2144,453,2022-03-02
2201,172114,Stayed,2022-03-02,2022-03-03,1,691,,1808,383,2022-03-02
2028,175955,Stayed,2022-03-02,2022-03-03,1,88,,2560,541,2022-03-02
2453,186767,Stayed,2022-03-02,2022-03-03,1,33,,1949,413,2022-03-02
2047,188210,Stayed,2022-03-02,2022-03-03,1,195,,1386,352,2022-03-02
2027,193036,Cancelled,2022-03-06,2022-03-12,1,88,,17893,3785,2022-03-02
2612,193630,Cancelled,2022-03-25,2022-03-26,1,241,,2079,440,2022-03-02
2660,5494,Stayed,2022-03-03,2022-03-04,1,365,,1754,0,2022-03-03
2821,7519,Stayed,2022-03-04,2022-03-06,1,800,,6869,1453,2022-03-03
2825,7519,Stayed,2022-03-03,2022-03-04,1,800,,3271,692,2022-03-03
2448,7731,Stayed,2022-03-03,2022-03-04,1,33,,1884,398,2022-03-03
2488,10362,Stayed,2022-03-03,2022-03-04,1,13,,1754,371,2022-03-03
2320,12354,Stayed,2022-03-03,2022-03-04,1,301,,3184,673,2022-03-03
2452,13951,Stayed,2022-03-03,2022-03-04,1,33,,1884,398,2022-03-03
2265,17715,Stayed,2022-03-03,2022-03-04,1,883,,3120,792,2022-03-03
2666,18521,Stayed,2022-03-03,2022-03-04,1,522,,2274,481,2022-03-03
2045,21196,Stayed,2022-03-03,2022-03-04,1,195,,2540,538,2022-03-03
2046,21196,Cancelled,2022-03-03,2022-03-04,1,195,,1859,394,2022-03-03
2541,33493,No Show,2022-03-03,2022-03-04,1,523,,2599,550,2022-03-03
2276,40129,Stayed,2022-03-03,2022-03-04,1,473,,1949,495,2022-03-03
2801,56281,Stayed,2022-03-10,2022-03-13,1,267,,21509,4732,2022-03-03
2334,62582,Cancelled,2022-03-10,2022-03-12,1,93,,4937,1253,2022-03-03
2419,63907,Stayed,2022-03-04,2022-03-05,1,21,,2794,591,2022-03-03
2625,63945,Stayed,2022-03-03,2022-03-04,1,77,,2200,465,2022-03-03
2342,67743,Cancelled,2022-03-04,2022-03-05,1,135,,2729,578,2022-03-03
2855,68922,Stayed,2022-03-04,2022-03-05,1,59,,2404,550,2022-03-03
2399,73873,Cancelled,2022-03-26,2022-03-29,2,701,,19492,4124,2022-03-03
2016,77745,Cancelled,2022-03-11,2022-03-13,1,571,,9357,1980,2022-03-03
2842,83686,Cancelled,2022-03-10,2022-03-11,1,500,,1949,413,2022-03-03
2114,85427,Stayed,2022-03-03,2022-03-04,1,295,,2599,550,2022-03-03
2500,86258,Stayed,2022-03-05,2022-03-06,1,207,,1754,386,2022-03-03
2260,91936,Cancelled,2022-03-03,2022-03-04,1,132,,4354,921,2022-03-03
2390,106977,Cancelled,2022-03-04,2022-03-05,1,62,,2469,523,2022-03-03
2555,108360,Stayed,2022-03-04,2022-03-05,1,848,,2599,550,2022-03-03
2141,117378,Cancelled,2022-03-24,2022-03-26,1,248,,7277,1540,2022-03-03
2776,117528,Cancelled,2022-03-03,2022-03-04,1,753,,2640,559,2022-03-03
2777,117528,Cancelled,2022-03-03,2022-03-04,1,753,,2640,559,2022-03-03
2952,126993,No Show,2022-03-03,2022-03-04,1,619,,2794,591,2022-03-03
2953,126993,Stayed,2022-03-03,2022-03-04,1,619,,2794,591,2022-03-03
2772,137032,Stayed,2022-03-03,2022-03-04,1,139,,1642,348,2022-03-03
2274,145519,Cancelled,2022-03-04,2022-03-05,2,473,,4937,1045,2022-03-03
2917,147285,Stayed,2022-03-03,2022-03-04,1,594,,2289,581,2022-03-03
2501,159558,No Show,2022-03-03,2022-03-06,1,207,,5585,1229,2022-03-03
2392,161884,Stayed,2022-03-03,2022-03-04,2,551,,8707,1843,2022-03-03
2393,161884,Stayed,2022-03-03,2022-03-04,2,551,,9422,1993,2022-03-03
2044,175582,Stayed,2022-03-04,2022-03-05,1,195,,2365,501,2022-03-03
2451,188432,Stayed,2022-03-04,2022-03-05,1,33,,2014,426,2022-03-03
2006,189314,No Show,2022-03-04,2022-03-05,1,252,,3237,685,2022-03-03
2085,189413,Stayed,2022-03-11,2022-03-12,2,250,,5067,1073,2022-03-03
2580,2133,Stayed,2022-03-04,2022-03-05,1,653,,2014,426,2022-03-04
2465,4595,No Show,2022-03-15,2022-03-16,1,37,,2209,468,2022-03-04
2447,5049,Stayed,2022-03-04,2022-03-05,1,33,,2014,426,2022-03-04
2277,8605,Cancelled,2022-03-04,2022-03-05,1,170,,2339,495,2022-03-04
2509,11665,Cancelled,2022-03-05,2022-03-06,1,629,,1884,398,2022-03-04
2406,13846,Cancelled,2022-03-05,2022-03-06,1,74,,2729,578,2022-03-04
2609,25479,Cancelled,2022-03-04,2022-03-05,1,50,,3054,646,2022-03-04
2750,25876,Stayed,2022-03-18,2022-03-19,1,514,,2144,453,2022-03-04
2697,25889,Stayed,2022-03-07,2022-03-08,1,877,,2924,618,2022-03-04
2103,41098,Stayed,2022-03-04,2022-03-05,1,583,,2014,426,2022-03-04
2206,55490,Stayed,2022-03-07,2022-03-10,1,280,,6236,1583,2022-03-04
2020,66762,Stayed,2022-03-04,2022-03-05,1,109,,3119,660,2022-03-04
2704,68193,Cancelled,2022-04-10,2022-04-14,1,703,,11435,2419,2022-03-04
2763,71320,No Show,2022-03-04,2022-03-05,1,697,,2534,536,2022-03-04
2450,88880,Cancelled,2022-03-04,2022-03-05,1,33,,2404,508,2022-03-04
2339,92416,Stayed,2022-03-04,2022-03-05,1,683,,4224,893,2022-03-04
2245,101173,Stayed,2022-03-06,2022-03-11,1,315,,14931,3158,2022-03-04
2401,106487,Cancelled,2022-03-04,2022-03-05,1,378,,3899,825,2022-03-04
2014,122584,Stayed,2022-03-06,2022-03-08,1,571,,5067,1073,2022-03-04
2319,124286,Cancelled,2022-03-04,2022-03-05,1,301,,3184,701,2022-03-04
2885,129376,Stayed,2022-03-04,2022-03-05,1,685,,2469,543,2022-03-04
2019,142194,Cancelled,2022-03-11,2022-03-12,1,109,,3119,660,2022-03-04
2510,143053,Stayed,2022-03-04,2022-03-05,1,629,,2079,458,2022-03-04
2116,159448,Stayed,2022-03-20,2022-03-25,1,86,,8860,1949,2022-03-04
2397,162144,Stayed,2022-03-04,2022-03-05,1,233,,3054,646,2022-03-04
2745,162534,Stayed,2022-03-04,2022-03-05,1,724,,3119,792,2022-03-04
2042,187466,Stayed,2022-03-05,2022-03-06,1,195,,1997,422,2022-03-04
2595,192035,Stayed,2022-03-06,2022-03-07,1,346,,2274,481,2022-03-04
2029,193036,Stayed,2022-03-06,2022-03-09,1,88,,8822,1867,2022-03-04
2155,196829,Stayed,2022-03-06,2022-03-09,1,154,,5066,1114,2022-03-04
2486,197733,Cancelled,2022-03-05,2022-03-06,1,13,,1884,398,2022-03-04
2190,199850,Cancelled,2022-03-05,2022-03-06,1,244,,2144,453,2022-03-04
2900,834,Stayed,2022-03-10,2022-03-11,1,772,,3769,957,2022-03-05
2596,3398,Cancelled,2022-03-17,2022-03-18,1,346,,1949,413,2022-03-05
2425,11800,Cancelled,2022-03-05,2022-03-06,1,3,,1949,413,2022-03-05
2512,22963,Cancelled,2022-03-06,2022-03-07,1,440,,2339,495,2022-03-05
2735,28523,Stayed,2022-03-06,2022-03-07,1,326,,2274,578,2022-03-05
2389,32718,No Show,2022-03-05,2022-03-06,1,62,,1689,358,2022-03-05
2611,40981,Stayed,2022-03-05,2022-03-06,1,578,,3119,660,2022-03-05
2168,55369,Stayed,2022-03-08,2022-03-11,1,612,,5390,1141,2022-03-05
2449,61311,Stayed,2022-03-05,2022-03-06,1,33,,1884,398,2022-03-05
2321,95107,Cancelled,2022-03-05,2022-03-06,1,301,,2664,677,2022-03-05
2754,96027,Stayed,2022-03-05,2022-03-06,2,660,,3247,688,2022-03-05
2579,96563,Stayed,2022-03-05,2022-03-06,1,653,,2339,495,2022-03-05
2844,100197,Stayed,2022-03-06,2022-03-07,1,500,,1884,398,2022-03-05
2415,100935,Stayed,2022-03-05,2022-03-06,1,178,,2209,486,2022-03-05
2710,101088,No Show,2022-03-05,2022-03-06,1,693,,2274,481,2022-03-05
2651,113889,Stayed,2022-03-05,2022-03-06,1,448,,2209,486,2022-03-05
2411,118827,Stayed,2022-03-05,2022-03-06,1,116,,1624,343,2022-03-05
2785,130893,Cancelled,2022-03-06,2022-03-07,1,750,,2664,677,2022-03-05
2934,139513,Stayed,2022-03-07,2022-03-08,2,648,,4111,1044,2022-03-05
2381,142058,Stayed,2022-03-08,2022-03-10,1,187,,7017,1543,2022-03-05
2485,142628,Stayed,2022-03-05,2022-03-06,1,13,,1559,330,2022-03-05
2961,143748,Cancelled,2022-03-06,2022-03-07,1,853,,3054,646,2022-03-05
2748,144052,Stayed,2022-03-05,2022-03-06,1,507,,1949,413,2022-03-05
2725,153931,Stayed,2022-03-07,2022-03-08,1,704,,1620,343,2022-03-05
2076,190191,Stayed,2022-03-05,2022-03-07,1,486,,4417,971,2022-03-05
2648,4121,Stayed,2022-03-06,2022-03-07,1,58,,2209,468,2022-03-06
2496,6268,Stayed,2022-03-10,2022-03-11,1,207,,1949,429,2022-03-06
2474,8704,Stayed,2022-03-06,2022-03-07,1,449,,1906,404,2022-03-06
2926,8760,Cancelled,2022-04-13,2022-04-16,1,646,,7601,1608,2022-03-06
2258,11989,No Show,2022-03-06,2022-03-07,1,557,,2924,644,2022-03-06
2037,22534,Stayed,2022-03-06,2022-03-08,1,232,,4007,848,2022-03-06
2025,42387,Stayed,2022-03-10,2022-03-11,1,88,,2568,543,2022-03-06
2857,43287,Stayed,2022-03-07,2022-03-08,1,69,,1949,413,2022-03-06
2279,62527,Stayed,2022-03-15,2022-03-16,1,73,,2989,633,2022-03-06
2249,64580,Cancelled,2022-03-06,2022-03-20,3,309,,119629,26319,2022-03-06
2251,67743,Cancelled,2022-03-07,2022-03-08,1,48,,2794,710,2022-03-06
2079,71382,Stayed,2022-03-07,2022-03-10,1,486,,6560,1443,2022-03-06
2915,72061,Stayed,2022-03-10,2022-03-11,1,620,,3054,646,2022-03-06
2832,72844,Stayed,2022-03-06,2022-03-07,1,117,,4159,880,2022-03-06
2109,76836,Stayed,2022-03-14,2022-03-16,1,944,,4347,920,2022-03-06
2015,77745,Cancelled,2022-03-10,2022-03-13,1,571,,12539,2652,2022-03-06
2893,93508,Cancelled,2022-03-06,2022-03-07,1,44,,1624,343,2022-03-06
2041,100771,Stayed,2022-03-07,2022-03-08,1,195,,2674,565,2022-03-06
2280,107041,Cancelled,2022-03-16,2022-03-17,1,73,,2664,563,2022-03-06
2624,108360,Cancelled,2022-03-06,2022-03-07,1,77,,1888,399,2022-03-06
2075,115643,Stayed,2022-03-06,2022-03-07,1,486,,2794,591,2022-03-06
2783,120340,Cancelled,2022-03-07,2022-03-08,1,330,,4549,963,2022-03-06
2391,123989,Stayed,2022-03-06,2022-03-07,1,62,,2144,472,2022-03-06
2514,134836,Cancelled,2022-03-11,2022-03-12,1,16,,2599,550,2022-03-06
2346,163907,Cancelled,2022-03-14,2022-03-15,1,398,,4419,935,2022-03-06
2843,167248,Stayed,2022-03-06,2022-03-07,1,500,,1754,386,2022-03-06
2700,168488,Stayed,2022-03-10,2022-03-12,1,831,,8707,1843,2022-03-06
2410,172100,Stayed,2022-03-10,2022-03-11,1,116,,1819,385,2022-03-06
2551,173979,Stayed,2022-03-10,2022-03-12,1,181,,3377,715,2022-03-06
2723,180438,Stayed,2022-03-11,2022-03-12,1,704,,3479,736,2022-03-06
2242,188854,Cancelled,2022-03-07,2022-03-08,1,315,,3189,674,2022-03-06
2043,189081,Cancelled,2022-03-06,2022-03-07,1,195,,2722,576,2022-03-06
2336,2827,Stayed,2022-03-26,2022-03-28,1,286,,5197,1100,2022-03-07
2499,7970,Stayed,2022-03-07,2022-03-08,1,207,,1624,343,2022-03-07
2477,8704,Stayed,2022-03-07,2022-03-12,1,449,,10329,2185,2022-03-07
2273,10067,Cancelled,2022-03-09,2022-03-10,1,473,,2144,453,2022-03-07
2372,12485,Stayed,2022-03-07,2022-03-08,2,348,,4677,990,2022-03-07
2532,13091,Cancelled,2022-03-07,2022-03-08,1,955,,1537,326,2022-03-07
2400,19246,Stayed,2022-03-14,2022-03-25,1,378,,45360,11515,2022-03-07
2683,28412,Stayed,2022-03-08,2022-03-09,1,702,,2014,443,2022-03-07
2335,35093,Cancelled,2022-03-09,2022-03-12,1,93,,7344,1616,2022-03-07
2473,36632,Stayed,2022-03-08,2022-03-10,1,449,,3812,806,2022-03-07
2850,37981,Cancelled,2022-03-08,2022-03-09,1,261,,2014,443,2022-03-07
2531,41627,Stayed,2022-03-08,2022-03-09,1,955,,2306,488,2022-03-07
2923,41757,Stayed,2022-03-07,2022-03-08,1,411,,3509,891,2022-03-07
2839,46174,Stayed,2022-03-09,2022-03-10,1,325,,2794,591,2022-03-07
2638,47195,Stayed,2022-03-07,2022-03-08,1,364,,2014,426,2022-03-07
2169,55369,Stayed,2022-03-07,2022-03-08,1,612,,2144,453,2022-03-07
2820,58198,Stayed,2022-03-08,2022-03-11,1,800,,10284,2610,2022-03-07
2498,65068,Stayed,2022-03-07,2022-03-08,1,207,,1624,343,2022-03-07
2106,66909,Stayed,2022-03-08,2022-03-10,1,245,,4389,928,2022-03-07
2012,77745,Cancelled,2022-03-10,2022-03-13,1,571,,12995,2749,2022-03-07
2949,78365,Stayed,2022-03-09,2022-03-10,1,619,,2274,481,2022-03-07
2950,78365,Stayed,2022-03-08,2022-03-09,1,619,,2274,481,2022-03-07
2951,78365,Stayed,2022-03-07,2022-03-08,1,619,,2534,536,2022-03-07
2241,82864,Stayed,2022-03-07,2022-03-08,1,315,,2773,586,2022-03-07
2317,92557,Stayed,2022-03-07,2022-03-08,1,301,,2924,644,2022-03-07
2036,93174,Stayed,2022-03-07,2022-03-08,1,232,,2181,462,2022-03-07
2374,94128,Stayed,2022-03-09,2022-03-10,1,579,,1819,385,2022-03-07
2087,122584,Stayed,2022-03-08,2022-03-10,1,846,,6107,1293,2022-03-07
2324,134416,Stayed,2022-03-09,2022-03-10,1,314,,1906,404,2022-03-07
2773,137032,Stayed,2022-03-07,2022-03-08,1,139,,1594,338,2022-03-07
2635,142186,Stayed,2022-03-10,2022-03-11,1,364,,1949,413,2022-03-07
2578,145744,Stayed,2022-03-08,2022-03-09,1,653,,2209,468,2022-03-07
2658,145838,Stayed,2022-03-07,2022-03-08,1,417,,1698,360,2022-03-07
2724,148025,Stayed,2022-03-07,2022-03-08,1,704,,1907,484,2022-03-07
2929,150469,Cancelled,2022-03-08,2022-03-09,1,652,,3119,660,2022-03-07
2226,153664,Stayed,2022-03-08,2022-03-09,1,299,,3444,728,2022-03-07
2446,162890,Cancelled,2022-03-11,2022-03-12,1,33,,2014,426,2022-03-07
2665,167196,Stayed,2022-03-07,2022-03-08,1,522,,1884,398,2022-03-07
2752,168301,Stayed,2022-03-07,2022-03-08,1,514,,2079,440,2022-03-07
2200,168634,Stayed,2022-03-08,2022-03-09,1,691,,1962,498,2022-03-07
2221,181249,Stayed,2022-03-08,2022-03-09,1,220,,1494,316,2022-03-07
2074,190191,Stayed,2022-03-07,2022-03-08,1,486,,2014,443,2022-03-07
2285,193867,Cancelled,2022-03-07,2022-03-08,1,229,,4159,880,2022-03-07
2272,728,Cancelled,2022-03-10,2022-03-11,2,473,,4677,990,2022-03-08
2102,8656,Stayed,2022-03-08,2022-03-09,1,583,,2274,481,2022-03-08
2626,9197,Stayed,2022-04-01,2022-04-02,1,364,,1906,404,2022-03-08
2303,10444,Stayed,2022-03-08,2022-03-09,1,357,,3184,673,2022-03-08
2035,22534,Stayed,2022-03-08,2022-03-09,1,232,,3032,641,2022-03-08
2802,39669,Stayed,2022-03-08,2022-03-11,1,267,,16634,3519,2022-03-08
2637,47195,Stayed,2022-03-08,2022-03-09,1,364,,1819,385,2022-03-08
2040,47628,Stayed,2022-03-08,2022-03-09,1,195,,2285,580,2022-03-08
2033,53047,Stayed,2022-03-08,2022-03-09,1,859,,1624,343,2022-03-08
2304,57736,Cancelled,2022-03-10,2022-03-11,1,357,,5264,1594,2022-03-08
2305,57736,Cancelled,2022-03-09,2022-03-10,1,357,,3964,1154,2022-03-08
2142,57757,Cancelled,2022-06-08,2022-06-11,1,760,,8966,1896,2022-03-08
2818,58198,Stayed,2022-03-15,2022-03-17,1,800,,7420,1570,2022-03-08
2819,58198,Stayed,2022-03-11,2022-03-15,1,800,,13915,2944,2022-03-08
2388,59358,Cancelled,2022-03-08,2022-03-09,1,62,,1949,429,2022-03-08
2375,60375,Stayed,2022-03-08,2022-03-09,1,380,,2469,523,2022-03-08
2073,71382,Stayed,2022-03-10,2022-03-11,1,486,,2404,611,2022-03-08
2013,77745,Cancelled,2022-03-10,2022-03-13,1,571,,12281,2598,2022-03-08
2189,99817,Stayed,2022-03-08,2022-03-09,1,244,,1884,398,2022-03-08
2747,138423,Stayed,2022-03-11,2022-03-14,1,862,,5733,1213,2022-03-08
2442,139191,No Show,2022-03-11,2022-03-12,1,33,,2014,426,2022-03-08
2497,139421,Cancelled,2022-03-08,2022-03-09,1,207,,1494,316,2022-03-08
2647,146622,Stayed,2022-03-08,2022-03-09,1,58,,2209,468,2022-03-08
2218,162206,Stayed,2022-03-10,2022-03-11,1,841,,2534,536,2022-03-08
2751,168301,Stayed,2022-03-08,2022-03-09,1,514,,2079,440,2022-03-08
2316,170106,Cancelled,2022-03-20,2022-03-21,1,301,,2924,618,2022-03-08
2220,181249,Stayed,2022-03-09,2022-03-10,1,220,,1494,316,2022-03-08
2240,188854,Cancelled,2022-03-09,2022-03-10,1,315,,3189,674,2022-03-08
2306,189223,Cancelled,2022-03-08,2022-03-09,1,357,,3964,1007,2022-03-08
2026,193036,Stayed,2022-03-09,2022-03-10,1,88,,2561,542,2022-03-08
2284,198949,Stayed,2022-03-08,2022-03-09,1,229,,4159,880,2022-03-08
2619,714,Cancelled,2022-03-10,2022-03-11,1,239,,2267,575,2022-03-09
2530,3176,Stayed,2022-03-09,2022-03-10,2,955,,3188,702,2022-03-09
2594,3207,Stayed,2022-03-09,2022-03-10,1,346,,2274,481,2022-03-09
2101,8656,Stayed,2022-03-10,2022-03-11,1,583,,2729,578,2022-03-09
2657,9330,Stayed,2022-03-09,2022-03-10,1,417,,2274,481,2022-03-09
2633,29269,Stayed,2022-03-09,2022-03-11,1,364,,3572,756,2022-03-09
2636,51987,Stayed,2022-03-09,2022-03-10,1,364,,2014,426,2022-03-09
2634,52445,Stayed,2022-03-10,2022-03-11,1,364,,2144,453,2022-03-09
2385,55529,Stayed,2022-03-09,2022-03-12,1,270,,11630,2461,2022-03-09
2060,58266,Stayed,2022-03-18,2022-03-19,1,194,,2339,495,2022-03-09
2484,58429,Cancelled,2022-03-09,2022-03-10,1,13,,1624,343,2022-03-09
2629,58429,Cancelled,2022-04-02,2022-04-06,1,364,,7623,1613,2022-03-09
2803,66504,Stayed,2022-03-10,2022-03-11,1,267,,6109,1293,2022-03-09
2162,66762,Stayed,2022-03-11,2022-03-12,1,84,,3314,701,2022-03-09
2574,74860,Stayed,2022-03-14,2022-03-20,1,653,,14290,3023,2022-03-09
2581,74860,Cancelled,2022-03-10,2022-03-17,1,653,,17281,3655,2022-03-09
2009,77745,Stayed,2022-03-13,2022-03-14,1,571,,3834,811,2022-03-09
2049,102620,Stayed,2022-03-09,2022-03-10,1,195,,3374,857,2022-03-09
2062,112916,Stayed,2022-03-10,2022-03-11,1,194,,2274,481,2022-03-09
2192,118052,Stayed,2022-03-09,2022-03-11,1,554,,4612,976,2022-03-09
2244,121464,Cancelled,2022-03-12,2022-03-13,1,315,,3272,692,2022-03-09
2246,121464,Cancelled,2022-03-11,2022-03-12,1,315,,3189,674,2022-03-09
2314,121464,Cancelled,2022-03-13,2022-03-14,1,301,,3249,688,2022-03-09
2011,122584,Stayed,2022-03-10,2022-03-11,1,571,,4224,893,2022-03-09
2875,124293,Stayed,2022-03-11,2022-03-12,1,162,,2561,542,2022-03-09
2361,129675,Cancelled,2022-03-14,2022-03-15,1,91,,2404,508,2022-03-09
2830,133499,Stayed,2022-03-09,2022-03-10,1,188,,2404,508,2022-03-09
2323,134416,Stayed,2022-03-10,2022-03-11,1,314,,1964,416,2022-03-09
2871,140493,Cancelled,2022-03-11,2022-03-12,3,162,,6681,1414,2022-03-09
2872,140493,Cancelled,2022-03-10,2022-03-11,3,162,,7281,1540,2022-03-09
2874,140493,Cancelled,2022-03-11,2022-03-12,3,162,,6681,1414,2022-03-09
2876,140493,Cancelled,2022-03-10,2022-03-11,3,162,,7281,1540,2022-03-09
2829,141952,Stayed,2022-03-09,2022-03-10,1,188,,2209,468,2022-03-09
2927,143748,Stayed,2022-03-09,2022-03-10,1,646,,3211,680,2022-03-09
2646,146622,Stayed,2022-03-09,2022-03-10,1,58,,2404,508,2022-03-09
2338,168493,Cancelled,2022-03-09,2022-03-10,1,683,,5199,1100,2022-03-09
2239,188854,Cancelled,2022-03-10,2022-03-11,1,315,,3488,738,2022-03-09
2243,188854,Stayed,2022-03-12,2022-03-13,1,315,,3272,692,2022-03-09
2024,193036,Stayed,2022-03-10,2022-03-12,1,88,,6492,1374,2022-03-09
2592,3207,Stayed,2022-03-10,2022-03-11,1,346,,2014,426,2022-03-10
2495,6006,Cancelled,2022-03-11,2022-03-12,1,207,,1884,398,2022-03-10
2444,7731,Cancelled,2022-03-11,2022-03-12,1,33,,2209,468,2022-03-10
2689,10015,Stayed,2022-03-11,2022-03-14,1,996,,8966,1896,2022-03-10
2387,13091,Stayed,2022-03-10,2022-03-11,1,62,,1559,330,2022-03-10
2903,31994,Cancelled,2022-03-12,2022-03-14,1,206,,5457,1200,2022-03-10
2270,33978,Stayed,2022-03-13,2022-03-17,1,473,,8705,1841,2022-03-10
2100,51469,Stayed,2022-03-11,2022-03-12,1,583,,2859,605,2022-03-10
2023,57835,Stayed,2022-03-15,2022-03-17,1,88,,6427,1360,2022-03-10
2315,62390,Cancelled,2022-03-16,2022-03-17,1,301,,2924,618,2022-03-10
2881,69332,Stayed,2022-03-11,2022-03-12,2,436,,3767,828,2022-03-10
2922,76046,No Show,2022-03-10,2022-03-11,1,411,,2924,618,2022-03-10
2164,82641,Cancelled,2022-03-10,2022-03-11,2,894,,6497,1429,2022-03-10
2787,88044,Stayed,2022-03-14,2022-03-16,1,336,,12217,2585,2022-03-10
2854,109075,Stayed,2022-03-10,2022-03-11,1,59,,1624,343,2022-03-10
2457,139383,Stayed,2022-03-10,2022-03-11,1,33,,1949,413,2022-03-10
2865,140493,No Show,2022-03-18,2022-03-19,1,162,,4459,944,2022-03-10
2257,146507,Cancelled,2022-03-10,2022-03-11,1,557,,2924,644,2022-03-10
2591,150771,Stayed,2022-03-11,2022-03-12,1,346,,2339,495,2022-03-10
2396,162144,Stayed,2022-03-10,2022-03-11,1,233,,2924,644,2022-03-10
2483,165031,Stayed,2022-03-10,2022-03-11,1,13,,1949,413,2022-03-10
2302,168493,Cancelled,2022-03-10,2022-03-11,1,357,,4549,963,2022-03-10
2188,179948,Stayed,2022-03-12,2022-03-13,1,244,,2404,611,2022-03-10
2879,183032,Cancelled,2022-03-15,2022-03-16,1,651,,2209,468,2022-03-10
2445,190208,Stayed,2022-03-10,2022-03-11,1,33,,1949,413,2022-03-10
2593,190827,Cancelled,2022-03-10,2022-03-11,1,346,,1624,358,2022-03-10
2577,195924,Stayed,2022-03-11,2022-03-12,1,653,,2339,495,2022-03-10
2529,8864,Stayed,2022-03-11,2022-03-12,1,955,,1676,354,2022-03-11
2104,17049,Cancelled,2022-03-20,2022-03-21,1,583,,2924,618,2022-03-11
2443,21418,Cancelled,2022-03-11,2022-03-12,1,33,,1949,413,2022-03-11
2608,25479,Stayed,2022-03-11,2022-03-12,1,50,,2664,563,2022-03-11
2630,27492,Stayed,2022-03-11,2022-03-12,1,364,,1689,358,2022-03-11
2631,27492,Cancelled,2022-03-11,2022-03-12,1,364,,1689,358,2022-03-11
2632,27492,Cancelled,2022-03-11,2022-03-12,1,364,,1689,358,2022-03-11
2895,31994,Cancelled,2022-03-12,2022-03-14,1,777,,5717,1257,2022-03-11
2295,43107,Stayed,2022-03-11,2022-03-12,1,99,,4419,935,2022-03-11
2212,74224,Stayed,2022-03-11,2022-03-12,1,633,,3964,838,2022-03-11
2078,76337,Stayed,2022-03-11,2022-03-12,1,486,,2599,660,2022-03-11
2193,79360,Stayed,2022-03-12,2022-03-13,1,353,,2664,563,2022-03-11
2179,87053,Cancelled,2022-03-25,2022-03-26,1,83,,2751,605,2022-03-11
2238,101173,Stayed,2022-03-11,2022-03-12,1,315,,2812,595,2022-03-11
2250,106125,Cancelled,2022-03-11,2022-03-12,1,48,,2924,743,2022-03-11
2664,106764,Stayed,2022-03-11,2022-03-12,1,522,,2209,468,2022-03-11
2853,112455,Stayed,2022-03-12,2022-03-13,1,59,,1754,371,2022-03-11
2424,116003,Stayed,2022-03-11,2022-03-12,1,3,,2469,523,2022-03-11
2053,122286,Stayed,2022-03-11,2022-03-12,1,468,,2989,633,2022-03-11
2054,122286,Cancelled,2022-03-12,2022-03-13,1,468,,3119,660,2022-03-11
2203,137492,Stayed,2022-03-11,2022-03-12,1,820,,2144,453,2022-03-11
2105,140507,Stayed,2022-04-07,2022-04-08,2,245,,5792,1225,2022-03-11
2550,140525,Cancelled,2022-03-11,2022-03-12,1,181,,1754,386,2022-03-11
2699,141740,No Show,2022-03-11,2022-03-12,1,808,,2079,440,2022-03-11
2547,147278,Stayed,2022-03-14,2022-03-15,1,513,,2469,523,2022-03-11
2511,151754,Cancelled,2022-03-11,2022-03-12,2,440,,5067,1073,2022-03-11
2722,158172,Stayed,2022-03-12,2022-03-13,1,704,,2228,565,2022-03-11
2554,171784,Stayed,2022-03-11,2022-03-12,1,848,,2014,426,2022-03-11
2151,173516,Stayed,2022-03-11,2022-03-12,1,597,,3379,715,2022-03-11
2913,175573,Stayed,2022-03-11,2022-03-12,1,677,,2079,440,2022-03-11
2914,187359,Cancelled,2022-03-11,2022-03-15,1,601,,8055,1772,2022-03-11
2804,189009,Stayed,2022-03-11,2022-03-12,1,537,,6889,1749,2022-03-11
2301,189288,Stayed,2022-03-11,2022-03-13,1,357,,7537,1595,2022-03-11
2099,8656,Stayed,2022-03-12,2022-03-13,1,583,,3054,646,2022-03-12
2475,8704,Stayed,2022-03-13,2022-03-15,1,449,,3812,806,2022-03-12
2476,8704,Stayed,2022-03-12,2022-03-15,1,449,,5717,1210,2022-03-12
2707,13138,Cancelled,2022-08-16,2022-08-17,1,277,,1949,0,2022-03-12
2264,18586,Stayed,2022-03-12,2022-03-14,1,883,,7176,1518,2022-03-12
2154,26389,Stayed,2022-03-13,2022-03-14,1,154,,2599,550,2022-03-12
2113,30752,Stayed,2022-03-14,2022-03-15,1,295,,2534,558,2022-03-12
2256,31316,No Show,2022-03-12,2022-03-13,1,557,,2469,523,2022-03-12
2395,33092,Stayed,2022-03-12,2022-03-13,1,233,,2729,578,2022-03-12
2749,62941,Stayed,2022-03-12,2022-03-13,4,450,,9355,2375,2022-03-12
2331,63032,Stayed,2022-03-12,2022-03-13,2,331,,5067,1114,2022-03-12
2912,67915,Stayed,2022-03-12,2022-03-13,1,677,,1912,405,2022-03-12
2590,108140,Cancelled,2022-03-13,2022-03-14,1,346,,2209,561,2022-03-12
2181,109973,Cancelled,2022-03-13,2022-03-14,1,83,,1840,389,2022-03-12
2467,127299,Stayed,2022-03-12,2022-03-13,1,37,,2599,572,2022-03-12
2367,139495,Cancelled,2022-03-17,2022-03-19,1,370,,5379,1184,2022-03-12
2873,140493,No Show,2022-03-12,2022-03-13,2,162,,4794,1014,2022-03-12
2163,147466,No Show,2022-03-12,2022-03-13,1,894,,2014,426,2022-03-12
2010,164004,Stayed,2022-03-12,2022-03-13,1,571,,3834,811,2022-03-12
2456,188432,Cancelled,2022-03-13,2022-03-14,1,33,,1949,413,2022-03-12
2350,12377,Stayed,2022-03-16,2022-03-18,1,25,,6042,1278,2022-03-13
2345,16238,Stayed,2022-03-13,2022-03-14,2,398,,5197,1100,2022-03-13
2607,20133,Stayed,2022-03-14,2022-03-15,1,50,,2339,515,2022-03-13
2539,23503,Stayed,2022-03-14,2022-03-15,1,515,,2469,523,2022-03-13
2540,23503,Cancelled,2022-03-13,2022-03-14,1,515,,2274,481,2022-03-13
2032,26893,No Show,2022-03-13,2022-03-14,1,859,,1559,343,2022-03-13
2559,48070,Stayed,2022-03-14,2022-03-15,1,131,,2729,578,2022-03-13
2680,62188,Stayed,2022-03-13,2022-03-14,1,478,,2144,453,2022-03-13
2526,85431,No Show,2022-03-18,2022-03-19,1,955,,2171,460,2022-03-13
2730,90948,Cancelled,2022-03-22,2022-03-23,1,689,,3184,673,2022-03-13
2731,90948,Cancelled,2022-03-21,2022-03-22,1,689,,3184,673,2022-03-13
2732,90948,Cancelled,2022-03-20,2022-03-21,1,689,,3184,673,2022-03-13
2332,96030,Cancelled,2022-03-23,2022-03-24,1,308,,2599,550,2022-03-13
2112,96585,Stayed,2022-03-15,2022-03-17,1,295,,5067,1114,2022-03-13
2528,110256,Stayed,2022-03-13,2022-03-14,1,955,,1594,338,2022-03-13
2728,114013,Cancelled,2022-03-20,2022-03-21,1,689,,3184,673,2022-03-13
2729,114013,Cancelled,2022-03-21,2022-03-22,1,689,,3184,673,2022-03-13
2363,129595,Cancelled,2022-04-01,2022-04-05,1,370,,9168,1939,2022-03-13
2217,137492,Stayed,2022-03-13,2022-03-14,1,635,,1949,413,2022-03-13
2210,142291,Stayed,2022-03-13,2022-03-15,1,978,,8252,1746,2022-03-13
2070,148274,Stayed,2022-03-15,2022-03-18,1,486,,7601,1608,2022-03-13
2057,172023,Cancelled,2022-03-18,2022-03-19,1,152,,2664,563,2022-03-13
2039,175955,Stayed,2022-03-13,2022-03-14,1,195,,2392,506,2022-03-13
2300,189288,Stayed,2022-03-13,2022-03-14,1,357,,3249,688,2022-03-13
2482,3424,Stayed,2022-03-14,2022-03-15,1,13,,1819,385,2022-03-14
2693,9354,Stayed,2022-03-15,2022-03-17,1,997,,5977,1265,2022-03-14
2466,9634,Cancelled,2022-03-16,2022-03-17,1,37,,2209,468,2022-03-14
2423,9858,Cancelled,2022-03-14,2022-03-15,1,29,,1494,316,2022-03-14
2688,10015,Stayed,2022-03-14,2022-03-15,1,996,,2664,563,2022-03-14
2774,20387,Stayed,2022-03-16,2022-03-18,1,306,,9617,2035,2022-03-14
2248,21651,Stayed,2022-03-15,2022-03-18,1,309,,7145,1572,2022-03-14
2794,43432,Stayed,2022-03-20,2022-03-22,1,226,,5590,0,2022-03-14
2606,45644,Stayed,2022-03-14,2022-03-17,1,50,,6626,1401,2022-03-14
2118,47251,Stayed,2022-03-14,2022-03-16,1,86,,5754,1266,2022-03-14
2018,66762,Stayed,2022-03-18,2022-03-19,1,109,,3119,660,2022-03-14
2788,72165,Stayed,2022-03-14,2022-03-15,1,336,,4224,893,2022-03-14
2384,76528,Cancelled,2022-03-14,2022-03-15,1,270,,2794,710,2022-03-14
2947,78365,Stayed,2022-03-14,2022-03-15,1,619,,1884,398,2022-03-14
2948,78365,Cancelled,2022-03-14,2022-03-15,1,619,,2144,453,2022-03-14
2072,86676,Stayed,2022-03-16,2022-03-17,1,486,,2209,468,2022-03-14
2836,88586,Stayed,2022-03-14,2022-03-15,1,282,,2274,501,2022-03-14
2171,100829,Stayed,2022-03-25,2022-03-26,2,975,,4287,908,2022-03-14
2878,114490,Stayed,2022-03-14,2022-03-15,1,651,,1949,413,2022-03-14
2089,130034,Stayed,2022-03-21,2022-03-23,1,107,,5587,1183,2022-03-14
2071,130739,Stayed,2022-03-17,2022-03-18,1,486,,2404,529,2022-03-14
2712,136170,Cancelled,2022-03-14,2022-03-15,1,342,,1884,398,2022-03-14
2771,137032,Stayed,2022-03-14,2022-03-15,1,139,,1594,338,2022-03-14
2870,140493,No Show,2022-03-14,2022-03-16,3,162,,12199,2581,2022-03-14
2196,141329,Stayed,2022-03-19,2022-03-20,1,757,,2821,597,2022-03-14
2717,148025,Stayed,2022-03-14,2022-03-15,1,345,,2262,497,2022-03-14
2682,150206,Stayed,2022-03-17,2022-03-20,1,702,,7145,1814,2022-03-14
2034,171586,Stayed,2022-03-15,2022-03-16,1,232,,2040,431,2022-03-14
2061,172023,Stayed,2022-03-18,2022-03-19,1,194,,2404,508,2022-03-14
2571,178405,Stayed,2022-03-22,2022-03-23,1,653,,2339,495,2022-03-14
2690,184227,Stayed,2022-03-14,2022-03-15,1,661,,2274,501,2022-03-14
2199,3427,No Show,2022-03-15,2022-03-16,1,691,,2490,527,2022-03-15
2471,8704,Stayed,2022-03-15,2022-03-20,1,449,,9744,2061,2022-03-15
2687,10015,Stayed,2022-03-15,2022-03-16,1,996,,2794,591,2022-03-15
2737,18625,Stayed,2022-03-18,2022-03-20,1,599,,4521,957,2022-03-15
2117,47251,Stayed,2022-03-16,2022-03-17,1,86,,2764,608,2022-03-15
2833,49071,Stayed,2022-04-27,2022-05-01,1,117,,21315,4509,2022-03-15
2576,56894,Stayed,2022-03-15,2022-03-16,1,653,,1884,398,2022-03-15
2546,56905,Stayed,2022-03-15,2022-03-16,1,513,,2014,426,2022-03-15
2799,59024,Stayed,2022-03-15,2022-03-17,2,226,,12220,0,2022-03-15
2868,64828,Cancelled,2022-03-15,2022-03-16,1,162,,2059,436,2022-03-15
2869,64828,Cancelled,2022-03-15,2022-03-16,1,162,,2844,602,2022-03-15
2686,76858,Stayed,2022-03-16,2022-03-17,1,483,,1819,385,2022-03-15
2956,78365,Stayed,2022-03-15,2022-03-16,1,619,,2014,426,2022-03-15
2108,83992,Stayed,2022-03-15,2022-03-17,1,944,,3739,791,2022-03-15
2508,87679,Stayed,2022-03-16,2022-03-17,1,629,,1559,330,2022-03-15
2326,92056,No Show,2022-03-15,2022-03-16,1,314,,1906,419,2022-03-15
2377,96349,Stayed,2022-03-19,2022-03-20,1,130,,1559,330,2022-03-15
2236,101173,Stayed,2022-03-16,2022-03-18,1,315,,5546,1174,2022-03-15
2652,106080,Stayed,2022-03-15,2022-03-16,1,448,,2014,426,2022-03-15
2255,111771,Cancelled,2022-03-15,2022-03-16,1,557,,2469,627,2022-03-15
2313,134413,Cancelled,2022-03-23,2022-03-24,1,301,,2924,618,2022-03-15
2663,136602,Stayed,2022-03-15,2022-03-16,1,522,,1689,358,2022-03-15
2770,137032,Stayed,2022-03-15,2022-03-16,1,139,,1594,338,2022-03-15
2866,140493,No Show,2022-03-15,2022-03-16,2,162,,3541,749,2022-03-15
2867,140493,No Show,2022-03-15,2022-03-16,2,162,,3541,749,2022-03-15
2322,145095,No Show,2022-03-15,2022-03-17,1,314,,3812,0,2022-03-15
2852,173243,Cancelled,2022-03-20,2022-03-21,1,59,,1884,398,2022-03-15
2422,179042,No Show,2022-03-15,2022-03-16,1,29,,1884,398,2022-03-15
2603,2831,Stayed,2022-03-17,2022-03-18,1,176,,2236,473,2022-03-16
2197,3427,Stayed,2022-03-17,2022-03-18,1,691,,2093,443,2022-03-16
2616,5397,Cancelled,2022-03-19,2022-03-20,1,239,,2050,433,2022-03-16
2901,12340,Stayed,2022-03-16,2022-03-19,1,206,,8900,2259,2022-03-16
2271,19221,Stayed,2022-03-16,2022-03-17,1,473,,2209,486,2022-03-16
2618,21072,No Show,2022-03-18,2022-03-19,1,239,,1970,417,2022-03-16
2694,53581,Stayed,2022-03-16,2022-03-17,1,997,,2924,618,2022-03-16
2527,54699,Cancelled,2022-03-17,2022-03-18,1,955,,1715,377,2022-03-16
2545,56905,Stayed,2022-03-16,2022-03-17,1,513,,2274,481,2022-03-16
2008,61516,Stayed,2022-03-17,2022-03-18,1,571,,4126,873,2022-03-16
2083,67529,Stayed,2022-03-17,2022-03-18,1,402,,1299,275,2022-03-16
2946,78365,Stayed,2022-03-16,2022-03-17,1,619,,2404,508,2022-03-16
2440,85376,Stayed,2022-03-16,2022-03-17,1,33,,1689,358,2022-03-16
2779,91912,Stayed,2022-03-16,2022-03-17,1,294,,1851,392,2022-03-16
2786,105268,Cancelled,2022-03-19,2022-03-20,1,336,,5459,1155,2022-03-16
2095,106210,Stayed,2022-03-27,2022-03-30,1,274,,6930,1525,2022-03-16
2269,122970,No Show,2022-03-16,2022-03-17,1,473,,2014,426,2022-03-16
2299,139526,Stayed,2022-03-16,2022-03-17,1,357,,3444,728,2022-03-16
2209,149275,Stayed,2022-03-16,2022-03-17,1,978,,3769,829,2022-03-16
2472,149975,Cancelled,2022-03-17,2022-03-18,1,449,,2192,464,2022-03-16
2254,156506,Stayed,2022-03-16,2022-03-17,1,557,,2144,472,2022-03-16
2782,172517,Cancelled,2022-03-19,2022-03-20,1,858,,4354,1106,2022-03-16
2838,172729,Cancelled,2022-03-16,2022-03-18,1,325,,6367,1400,2022-03-16
2283,186697,No Show,2022-03-17,2022-03-20,1,229,,11501,2433,2022-03-16
2919,194329,Stayed,2022-03-24,2022-03-27,2,663,,22495,4759,2022-03-16
2920,194329,Stayed,2022-03-23,2022-03-24,1,663,,3920,829,2022-03-16
2789,9732,Stayed,2022-03-21,2022-03-23,1,136,,8317,1760,2022-03-17
2902,12340,Stayed,2022-03-17,2022-03-18,1,206,,2339,515,2022-03-17
2439,14601,Cancelled,2022-03-18,2022-03-19,1,33,,2274,481,2022-03-17
2143,15169,Cancelled,2022-04-21,2022-04-23,1,760,,5047,1068,2022-03-17
2144,15169,Cancelled,2022-04-21,2022-04-23,1,760,,5047,1068,2022-03-17
2790,17865,Cancelled,2022-03-17,2022-03-18,1,136,,3444,728,2022-03-17
2659,19988,Cancelled,2022-03-17,2022-03-18,1,417,,1477,375,2022-03-17
2156,26389,Stayed,2022-03-17,2022-03-18,1,154,,2209,468,2022-03-17
2662,35242,Stayed,2022-03-17,2022-03-18,1,522,,1754,371,2022-03-17
2656,47195,Stayed,2022-03-17,2022-03-18,1,417,,1798,381,2022-03-17
2812,53257,Stayed,2022-03-17,2022-03-18,1,885,,2469,627,2022-03-17
2080,55529,Stayed,2022-03-18,2022-03-19,1,153,,2144,453,2022-03-17
2237,56558,Stayed,2022-03-17,2022-03-18,1,315,,3285,695,2022-03-17
2544,56905,Stayed,2022-03-17,2022-03-18,1,513,,2274,481,2022-03-17
2173,73181,Stayed,2022-03-17,2022-03-19,1,756,,4742,1203,2022-03-17
2778,91912,Stayed,2022-03-17,2022-03-18,1,294,,1798,381,2022-03-17
2806,105268,Cancelled,2022-03-19,2022-03-20,1,847,,5914,1301,2022-03-17
2823,105268,Cancelled,2022-03-19,2022-03-20,1,800,,4263,902,2022-03-17
2880,114490,Stayed,2022-03-17,2022-03-18,1,436,,2339,495,2022-03-17
2097,116485,Stayed,2022-03-19,2022-03-20,1,56,,1950,413,2022-03-17
2005,119697,Stayed,2022-03-17,2022-03-18,2,252,,6399,1354,2022-03-17
2309,121464,Cancelled,2022-04-16,2022-04-17,1,301,,3054,646,2022-03-17
2358,125282,Stayed,2022-03-17,2022-03-18,1,366,,1743,369,2022-03-17
2940,126588,Stayed,2022-03-17,2022-03-18,1,211,,3834,811,2022-03-17
2353,133863,Stayed,2022-03-17,2022-03-18,1,415,,4159,880,2022-03-17
2354,133863,No Show,2022-03-17,2022-03-18,1,394,,4549,963,2022-03-17
2930,161789,Stayed,2022-03-17,2022-03-18,1,236,,4159,1056,2022-03-17
2084,171522,Stayed,2022-03-17,2022-03-18,1,402,,1624,343,2022-03-17
2235,188854,Cancelled,2022-03-19,2022-03-20,1,315,,3189,674,2022-03-17
2575,195924,Cancelled,2022-03-18,2022-03-19,1,653,,2794,591,2022-03-17
2543,14601,Stayed,2022-03-18,2022-03-19,1,513,,2469,523,2022-03-18
2366,21954,Cancelled,2022-03-18,2022-03-19,1,370,,1993,506,2022-03-18
2676,23493,Stayed,2022-03-18,2022-03-19,1,262,,2404,508,2022-03-18
2564,30578,No Show,2022-03-18,2022-03-19,1,466,,1868,474,2022-03-18
2538,33493,Stayed,2022-03-18,2022-03-19,1,515,,2664,563,2022-03-18
2588,42741,Stayed,2022-03-18,2022-03-19,1,346,,2729,578,2022-03-18
2170,47628,Stayed,2022-03-18,2022-03-19,1,251,,2014,426,2022-03-18
2159,52281,Stayed,2022-03-18,2022-03-20,1,84,,3637,770,2022-03-18
2160,52281,Cancelled,2022-03-18,2022-03-19,1,84,,2079,440,2022-03-18
2161,52281,Cancelled,2022-03-18,2022-03-20,1,84,,3637,770,2022-03-18
2174,52617,Stayed,2022-03-18,2022-03-20,1,756,,5392,1141,2022-03-18
2703,68193,Cancelled,2022-04-11,2022-04-14,1,703,,8381,1773,2022-03-18
2172,73181,Stayed,2022-03-19,2022-03-20,1,756,,1884,398,2022-03-18
2185,73651,Stayed,2022-03-18,2022-03-19,1,106,,2274,481,2022-03-18
2621,75870,Cancelled,2022-03-18,2022-03-19,1,400,,2079,440,2022-03-18
2462,85376,Stayed,2022-03-18,2022-03-19,1,305,,1754,371,2022-03-18
2463,85376,Cancelled,2022-03-18,2022-03-19,1,305,,1559,330,2022-03-18
2692,88934,Cancelled,2022-03-20,2022-03-21,1,505,,1754,371,2022-03-18
2589,106973,Cancelled,2022-03-19,2022-03-20,1,346,,2729,601,2022-03-18
2736,109970,Stayed,2022-03-18,2022-03-19,1,157,,2079,440,2022-03-18
2764,112239,Cancelled,2022-04-14,2022-04-16,2,139,,6739,1426,2022-03-18
2617,113889,Stayed,2022-03-18,2022-03-19,1,239,,2363,501,2022-03-18
2960,119652,Cancelled,2022-03-20,2022-03-21,1,853,,3444,728,2022-03-18
2552,121788,Cancelled,2022-03-19,2022-03-20,1,399,,2664,563,2022-03-18
2180,127496,Cancelled,2022-03-18,2022-03-19,1,83,,3008,637,2022-03-18
2225,130583,Stayed,2022-03-19,2022-03-20,1,299,,4029,853,2022-03-18
2848,133115,Cancelled,2022-03-18,2022-03-20,1,261,,4417,935,2022-03-18
2716,141740,Stayed,2022-03-19,2022-03-20,1,345,,2419,512,2022-03-18
2565,143053,Cancelled,2022-03-18,2022-03-19,1,466,,1868,411,2022-03-18
2858,151754,Cancelled,2022-03-18,2022-03-19,1,574,,2664,563,2022-03-18
2461,155152,Stayed,2022-03-18,2022-03-19,1,305,,2274,481,2022-03-18
2421,163241,Cancelled,2022-03-20,2022-03-21,1,29,,2404,508,2022-03-18
2167,164004,Stayed,2022-03-18,2022-03-19,1,612,,2729,578,2022-03-18
2059,172023,Stayed,2022-03-24,2022-03-26,1,194,,4677,990,2022-03-18
2877,173243,Cancelled,2022-03-20,2022-03-21,1,651,,1429,303,2022-03-18
2365,177699,Cancelled,2022-03-20,2022-03-21,1,370,,2081,528,2022-03-18
2438,188432,No Show,2022-03-19,2022-03-20,1,33,,2274,481,2022-03-18
2165,194199,Cancelled,2022-03-18,2022-03-19,1,907,,2469,523,2022-03-18
2281,198621,Cancelled,2022-03-18,2022-03-19,1,422,,4614,976,2022-03-18
2587,3207,Stayed,2022-03-19,2022-03-20,1,346,,1949,413,2022-03-19
2675,3231,Stayed,2022-03-20,2022-03-21,1,655,,2079,440,2022-03-19
2615,5397,Stayed,2022-03-20,2022-03-21,1,239,,1888,399,2022-03-19
2481,12485,Stayed,2022-03-19,2022-03-20,2,13,,3377,715,2022-03-19
2145,15169,Cancelled,2022-04-21,2022-04-23,1,760,,5026,1064,2022-03-19
2146,15169,Cancelled,2022-04-21,2022-04-23,2,760,,10052,2126,2022-03-19
2822,40124,Cancelled,2022-03-19,2022-03-20,1,800,,2461,520,2022-03-19
2383,44138,Cancelled,2022-03-19,2022-03-20,1,391,,2209,561,2022-03-19
2847,54065,Stayed,2022-03-19,2022-03-20,1,261,,2144,453,2022-03-19
2214,55660,Stayed,2022-03-20,2022-03-21,1,219,,1689,372,2022-03-19
2133,57801,Stayed,2022-03-19,2022-03-20,1,161,,1791,380,2022-03-19
2134,57801,Cancelled,2022-03-20,2022-03-21,1,161,,2198,465,2022-03-19
2515,58429,Cancelled,2022-04-19,2022-04-27,1,955,,17150,3628,2022-03-19
2620,58429,Cancelled,2022-04-19,2022-04-27,1,400,,16110,3408,2022-03-19
2653,58429,Stayed,2022-04-19,2022-04-27,1,417,,14425,3051,2022-03-19
2654,58429,Stayed,2022-04-19,2022-04-27,1,417,,14425,3051,2022-03-19
2894,66896,Cancelled,2022-03-19,2022-03-20,1,44,,2144,453,2022-03-19
2701,68193,No Show,2022-04-11,2022-04-13,1,703,,5587,1183,2022-03-19
2718,68193,Cancelled,2022-04-11,2022-04-13,1,704,,4230,895,2022-03-19
2082,69650,Stayed,2022-03-19,2022-03-20,3,402,,4091,866,2022-03-19
2753,87734,Stayed,2022-03-19,2022-03-20,1,541,,2664,563,2022-03-19
2939,98742,Stayed,2022-03-20,2022-03-21,1,211,,3639,770,2022-03-19
2376,113593,Cancelled,2022-03-19,2022-03-20,1,130,,1819,385,2022-03-19
2191,122311,Cancelled,2022-04-07,2022-04-10,1,408,,6041,1278,2022-03-19
2364,129595,Cancelled,2022-04-01,2022-04-03,1,370,,4321,914,2022-03-19
2884,134314,Stayed,2022-03-19,2022-03-20,1,685,,2404,508,2022-03-19
2312,134413,Cancelled,2022-03-21,2022-03-22,1,301,,3444,728,2022-03-19
2655,145838,Stayed,2022-03-19,2022-03-20,1,417,,2120,449,2022-03-19
2216,151151,Cancelled,2022-03-20,2022-03-21,2,635,,3897,825,2022-03-19
2864,173243,Cancelled,2022-03-20,2022-03-21,1,162,,2142,453,2022-03-19
2650,175856,Stayed,2022-03-23,2022-03-24,1,448,,2794,591,2022-03-19
2341,182418,Cancelled,2022-03-22,2022-03-23,1,135,,2274,481,2022-03-19
2743,182513,Cancelled,2022-03-20,2022-03-21,1,724,,2132,451,2022-03-19
2231,183032,Stayed,2022-03-23,2022-03-24,1,315,,3189,674,2022-03-19
2234,183919,Stayed,2022-03-19,2022-03-20,1,315,,3224,682,2022-03-19
2056,185451,Cancelled,2022-03-21,2022-03-22,1,468,,2166,459,2022-03-19
2282,186697,Stayed,2022-03-20,2022-03-24,1,229,,15595,3299,2022-03-19
2351,1775,Stayed,2022-03-20,2022-03-21,1,25,,2790,591,2022-03-20
2330,23899,Stayed,2022-03-20,2022-03-21,1,331,,2274,481,2022-03-20
2371,27492,Cancelled,2022-03-21,2022-03-22,1,960,,1794,395,2022-03-20
2814,37146,Stayed,2022-04-12,2022-04-13,1,800,,5048,1068,2022-03-20
2398,39047,Stayed,2022-03-20,2022-03-21,1,233,,3379,715,2022-03-20
2402,39047,Cancelled,2022-03-20,2022-03-21,1,562,,2989,633,2022-03-20
2808,48864,Stayed,2022-03-21,2022-04-01,1,885,,37166,7862,2022-03-20
2132,57801,Stayed,2022-03-20,2022-03-21,1,161,,2067,438,2022-03-20
2136,57801,Cancelled,2022-03-21,2022-03-22,1,161,,2387,505,2022-03-20
2268,59211,Stayed,2022-03-21,2022-03-22,1,473,,2209,561,2022-03-20
2111,70558,Stayed,2022-03-25,2022-03-26,1,295,,3184,673,2022-03-20
2092,70651,Stayed,2022-03-20,2022-03-21,1,383,,2469,523,2022-03-20
2955,78365,Stayed,2022-03-20,2022-03-21,1,619,,2014,426,2022-03-20
2469,108360,Cancelled,2022-03-24,2022-03-25,1,449,,2430,514,2022-03-20
2420,122076,Stayed,2022-03-20,2022-03-21,1,29,,1494,316,2022-03-20
2846,135369,Stayed,2022-03-25,2022-03-26,1,261,,2274,481,2022-03-20
2769,137032,Stayed,2022-03-20,2022-03-21,1,139,,1594,338,2022-03-20
2797,143913,Stayed,2022-03-20,2022-03-21,1,226,,2859,629,2022-03-20
2928,150469,Cancelled,2022-03-20,2022-03-21,1,652,,2794,591,2022-03-20
2523,153485,Stayed,2022-03-22,2022-03-23,1,955,,1749,385,2022-03-20
2524,153485,Cancelled,2022-03-23,2022-03-24,1,955,,2049,451,2022-03-20
2795,154793,Stayed,2022-03-20,2022-03-21,1,226,,3055,0,2022-03-20
2796,154793,Stayed,2022-03-20,2022-03-21,1,226,,3055,0,2022-03-20
2798,154793,Stayed,2022-03-21,2022-03-24,1,226,,9165,0,2022-03-20
2004,162631,Stayed,2022-03-21,2022-03-22,1,252,,3366,740,2022-03-20
2910,173243,No Show,2022-03-20,2022-03-21,1,677,,1964,416,2022-03-20
2137,179762,Stayed,2022-03-21,2022-03-22,1,471,,2079,440,2022-03-20
2911,179812,Cancelled,2022-03-20,2022-03-21,1,677,,1708,362,2022-03-20
2573,191728,Stayed,2022-03-20,2022-03-21,1,653,,2339,495,2022-03-20
2775,193476,Stayed,2022-03-20,2022-03-22,1,753,,3403,721,2022-03-20
2584,3398,Stayed,2022-03-22,2022-03-24,1,346,,5067,1073,2022-03-21
2563,14876,Stayed,2022-03-21,2022-03-22,2,466,,2590,570,2022-03-21
2586,15445,Stayed,2022-03-21,2022-03-22,1,346,,1754,371,2022-03-21
2605,19363,Stayed,2022-03-25,2022-03-26,1,517,,2599,550,2022-03-21
2149,39916,Stayed,2022-03-21,2022-03-22,1,933,,1780,376,2022-03-21
2098,50932,Cancelled,2022-03-23,2022-03-27,1,56,,15486,3276,2022-03-21
2572,56894,Stayed,2022-03-21,2022-03-22,1,653,,2144,453,2022-03-21
2537,56905,Stayed,2022-03-21,2022-03-23,1,515,,4417,935,2022-03-21
2131,57801,Stayed,2022-03-22,2022-03-23,1,161,,2181,462,2022-03-21
2135,57801,Stayed,2022-03-21,2022-03-22,1,161,,2231,472,2022-03-21
2817,58198,Cancelled,2022-03-21,2022-03-22,1,800,,2553,540,2022-03-21
2887,63953,Cancelled,2022-03-25,2022-03-26,1,569,,2989,658,2022-03-21
2834,69059,Stayed,2022-04-07,2022-04-08,2,96,,10397,2200,2022-03-21
2091,70651,Stayed,2022-03-21,2022-03-22,1,383,,2729,578,2022-03-21
2954,78365,Stayed,2022-03-21,2022-03-22,1,619,,2274,481,2022-03-21
2959,86098,No Show,2022-03-21,2022-03-22,1,853,,3444,728,2022-03-21
2933,98717,Cancelled,2022-03-26,2022-03-28,1,648,,4217,892,2022-03-21
2938,98742,Stayed,2022-03-21,2022-03-22,1,211,,3639,770,2022-03-21
2470,104479,Cancelled,2022-03-21,2022-03-22,1,449,,2313,490,2022-03-21
2293,106125,Cancelled,2022-03-21,2022-03-22,1,89,,3120,792,2022-03-21
2602,116920,Stayed,2022-03-22,2022-03-23,1,176,,2179,461,2022-03-21
2734,118825,Stayed,2022-03-23,2022-03-24,1,666,,2924,618,2022-03-21
2263,122970,Stayed,2022-03-21,2022-03-24,1,883,,9360,1980,2022-03-21
2533,132693,Cancelled,2022-03-21,2022-03-22,1,955,,1741,369,2022-03-21
2252,137899,Stayed,2022-03-21,2022-03-22,1,557,,2209,468,2022-03-21
2148,138286,Stayed,2022-03-21,2022-03-22,1,355,,2794,591,2022-03-21
2863,140493,No Show,2022-03-21,2022-03-22,2,162,,4849,1026,2022-03-21
2525,153758,Stayed,2022-03-21,2022-03-22,1,955,,1594,338,2022-03-21
2253,154070,Cancelled,2022-03-21,2022-03-22,1,557,,2469,523,2022-03-21
2437,163241,Cancelled,2022-03-22,2022-03-23,1,33,,2274,481,2022-03-21
2069,179762,Stayed,2022-03-22,2022-03-24,1,486,,4417,935,2022-03-21
2232,188854,Cancelled,2022-03-26,2022-03-27,1,315,,3280,694,2022-03-21
2333,189468,Stayed,2022-03-27,2022-03-29,1,93,,4742,1003,2022-03-21
2021,193036,Cancelled,2022-03-24,2022-03-27,1,88,,11372,2406,2022-03-21
2138,648,Stayed,2022-04-13,2022-04-17,1,248,,14815,3761,2022-03-22
2215,4328,Stayed,2022-03-22,2022-03-23,1,635,,2014,426,2022-03-22
2380,6963,Cancelled,2022-03-22,2022-03-23,1,187,,3509,891,2022-03-22
2560,8353,Stayed,2022-04-01,2022-04-02,1,466,,1594,338,2022-03-22
2561,8353,Cancelled,2022-04-01,2022-04-02,1,466,,1594,338,2022-03-22
2604,11199,Stayed,2022-03-23,2022-03-24,1,176,,2083,459,2022-03-22
2343,14942,Cancelled,2022-04-03,2022-04-07,1,135,,10395,2199,2022-03-22
2434,19536,Stayed,2022-03-24,2022-03-25,1,33,,2274,481,2022-03-22
2435,29269,Stayed,2022-03-22,2022-03-23,1,33,,1364,288,2022-03-22
2086,39916,Stayed,2022-03-22,2022-03-23,1,250,,1884,398,2022-03-22
2311,57210,Cancelled,2022-03-23,2022-03-24,1,301,,3314,729,2022-03-22
2128,57801,Stayed,2022-03-23,2022-03-24,1,161,,1923,407,2022-03-22
2622,69586,Stayed,2022-03-26,2022-03-27,1,77,,2006,441,2022-03-22
2945,78365,Stayed,2022-03-22,2022-03-23,1,619,,2534,536,2022-03-22
2582,88692,Cancelled,2022-04-07,2022-04-09,5,346,,29887,6575,2022-03-22
2177,97348,Stayed,2022-03-25,2022-03-26,1,83,,3524,746,2022-03-22
2899,100139,Cancelled,2022-03-24,2022-03-28,1,772,,14165,3116,2022-03-22
2140,105035,Stayed,2022-03-25,2022-03-27,1,248,,4807,1018,2022-03-22
2507,109230,Stayed,2022-03-23,2022-03-24,1,629,,1494,316,2022-03-22
2566,122529,Stayed,2022-04-04,2022-04-07,1,653,,7796,1979,2022-03-22
2031,128934,Stayed,2022-03-22,2022-03-24,1,859,,3897,825,2022-03-22
2845,141373,Stayed,2022-03-27,2022-03-29,1,261,,3702,783,2022-03-22
2570,145744,Stayed,2022-03-23,2022-03-24,1,653,,2339,495,2022-03-22
2286,158427,Stayed,2022-04-02,2022-04-07,1,427,,22809,5018,2022-03-22
2287,158427,Stayed,2022-04-03,2022-04-07,1,427,,18195,4003,2022-03-22
2288,158427,Stayed,2022-04-02,2022-04-05,1,427,,13841,3045,2022-03-22
2291,158427,Stayed,2022-04-03,2022-04-04,1,427,,4614,1015,2022-03-22
2432,162890,Cancelled,2022-03-25,2022-03-26,1,33,,2469,523,2022-03-22
2436,163241,Stayed,2022-03-22,2022-03-23,1,33,,1884,398,2022-03-22
2176,168544,Stayed,2022-03-22,2022-03-26,1,83,,10884,2302,2022-03-22
2219,184825,No Show,2022-03-22,2022-03-23,1,220,,1754,446,2022-03-22
2418,190208,Cancelled,2022-03-22,2022-03-23,1,21,,1884,398,2022-03-22
2022,193036,Cancelled,2022-04-07,2022-04-10,1,88,,11076,2343,2022-03-22
2480,198706,Cancelled,2022-03-25,2022-03-26,1,13,,2274,481,2022-03-22
2585,3207,Stayed,2022-03-23,2022-03-24,1,346,,2079,440,2022-03-23
2379,27492,No Show,2022-03-23,2022-03-24,1,187,,3119,660,2022-03-23
2780,30923,Cancelled,2022-03-31,2022-04-03,2,956,,21700,5509,2022-03-23
2130,31412,Stayed,2022-03-23,2022-03-24,1,161,,1949,413,2022-03-23
2386,42484,Stayed,2022-03-23,2022-03-24,1,62,,1949,429,2022-03-23
2349,51367,Stayed,2022-03-23,2022-03-24,1,25,,2802,712,2022-03-23
2307,54842,Cancelled,2022-03-23,2022-03-27,1,817,,22417,5768,2022-03-23
2308,54842,Stayed,2022-03-23,2022-03-27,1,817,,21897,5558,2022-03-23
2129,57801,Cancelled,2022-03-24,2022-03-25,1,161,,2179,461,2022-03-23
2394,63053,Cancelled,2022-03-24,2022-03-31,1,548,,21631,4576,2022-03-23
2944,78365,Stayed,2022-03-23,2022-03-24,1,619,,2209,468,2022-03-23
2792,81387,Stayed,2022-04-12,2022-04-15,1,226,,8385,0,2022-03-23
2230,84287,Cancelled,2022-03-24,2022-03-25,1,315,,3189,674,2022-03-23
2522,86555,Stayed,2022-03-23,2022-03-24,1,955,,1885,399,2022-03-23
2840,88846,Stayed,2022-03-25,2022-03-26,1,111,,2924,618,2022-03-23
2187,99817,Stayed,2022-03-24,2022-03-25,1,244,,2678,567,2022-03-23
2229,101173,Stayed,2022-03-24,2022-03-25,1,315,,3016,638,2022-03-23
2521,110256,Stayed,2022-03-23,2022-03-24,1,955,,1781,377,2022-03-23
2370,111950,Cancelled,2022-03-24,2022-03-25,1,960,,2197,465,2022-03-23
2892,115308,Cancelled,2022-03-24,2022-03-27,1,44,,7274,1539,2022-03-23
2909,116513,Stayed,2022-03-23,2022-03-24,1,677,,1386,305,2022-03-23
2815,132149,Stayed,2022-04-05,2022-04-07,1,800,,7374,1623,2022-03-23
2851,132187,Stayed,2022-03-23,2022-03-24,1,59,,1494,316,2022-03-23
2862,140493,No Show,2022-03-23,2022-03-24,2,162,,5452,1154,2022-03-23
2294,142836,Cancelled,2022-03-23,2022-03-24,1,99,,6174,1568,2022-03-23
2549,147059,Stayed,2022-03-23,2022-03-24,2,181,,3377,715,2022-03-23
2055,161917,Stayed,2022-03-23,2022-03-24,1,468,,2491,527,2022-03-23
2115,163829,Stayed,2022-03-25,2022-03-27,1,86,,5299,1121,2022-03-23
2958,170764,Cancelled,2022-03-25,2022-03-26,1,853,,3964,838,2022-03-23
2925,186694,Stayed,2022-03-23,2022-03-24,2,646,,6040,1329,2022-03-23
2583,3207,Stayed,2022-03-24,2022-03-25,1,346,,2144,472,2022-03-24
2518,6636,Stayed,2022-03-26,2022-03-27,1,955,,1704,361,2022-03-24
2669,9386,Cancelled,2022-03-24,2022-03-25,1,522,,2014,426,2022-03-24
2816,10362,Stayed,2022-03-24,2022-03-25,1,800,,3552,751,2022-03-24
2908,11931,Stayed,2022-03-24,2022-03-25,1,677,,1899,402,2022-03-24
2205,15445,Stayed,2022-03-24,2022-03-25,1,856,,4484,948,2022-03-24
2886,21694,Stayed,2022-03-25,2022-03-26,1,287,,2404,508,2022-03-24
2921,22380,Stayed,2022-03-24,2022-03-25,1,742,,2404,508,2022-03-24
2536,25162,Cancelled,2022-03-25,2022-03-26,1,515,,3509,743,2022-03-24
2153,26389,Stayed,2022-03-24,2022-03-25,1,154,,2209,468,2022-03-24
2207,33838,Stayed,2022-03-24,2022-03-25,1,978,,3899,990,2022-03-24
2208,33838,Cancelled,2022-03-24,2022-03-25,1,978,,3899,990,2022-03-24
2409,36923,Stayed,2022-03-25,2022-03-26,1,74,,3509,743,2022-03-24
2460,36923,No Show,2022-03-25,2022-03-26,1,305,,2664,563,2022-03-24
2791,48663,Stayed,2022-04-29,2022-04-30,1,226,,3055,0,2022-03-24
2931,52795,Stayed,2022-03-25,2022-03-26,1,813,,3509,0,2022-03-24
2916,55389,Stayed,2022-03-24,2022-03-25,1,594,,2285,580,2022-03-24
2433,59752,Stayed,2022-03-24,2022-03-25,1,33,,1689,358,2022-03-24
2698,64380,Stayed,2022-03-27,2022-04-01,1,808,,10719,2721,2022-03-24
2685,76893,Cancelled,2022-03-25,2022-03-26,1,483,,2274,0,2022-03-24
2403,77061,Stayed,2022-04-12,2022-04-13,1,74,,2859,605,2022-03-24
2520,97561,Cancelled,2022-03-24,2022-03-25,1,955,,1661,365,2022-03-24
2828,98876,Stayed,2022-03-25,2022-03-26,1,188,,3249,825,2022-03-24
2628,101625,Stayed,2022-03-24,2022-03-25,1,364,,1884,398,2022-03-24
2891,115308,Stayed,2022-03-24,2022-03-25,1,44,,1754,371,2022-03-24
2674,129377,Stayed,2022-03-24,2022-03-26,1,655,,5132,1086,2022-03-24
2768,137032,Stayed,2022-03-24,2022-03-25,1,139,,1594,338,2022-03-24
2898,144682,Stayed,2022-03-24,2022-03-26,1,772,,7927,2012,2022-03-24
2068,160482,Cancelled,2022-03-25,2022-03-26,1,486,,3314,729,2022-03-24
2739,165340,Stayed,2022-04-27,2022-04-29,3,724,,16232,3434,2022-03-24
2740,165340,Stayed,2022-04-27,2022-04-28,3,724,,8116,1717,2022-03-24
2742,167196,Cancelled,2022-03-24,2022-03-25,1,724,,2116,448,2022-03-24
2713,170764,No Show,2022-04-01,2022-04-02,1,345,,3644,925,2022-03-24
2318,171359,Stayed,2022-03-24,2022-03-25,1,301,,3379,715,2022-03-24
2924,186694,Stayed,2022-03-24,2022-03-26,1,646,,9370,2061,2022-03-24
2166,196829,Stayed,2022-03-26,2022-03-31,1,612,,8899,1882,2022-03-24
2784,197706,Cancelled,2022-03-25,2022-03-26,1,407,,6239,1373,2022-03-24
2003,199763,Cancelled,2022-03-24,2022-03-25,1,252,,2652,561,2022-03-24
2478,2261,Stayed,2022-03-27,2022-03-28,1,13,,2014,512,2022-03-25
2519,2577,Stayed,2022-03-26,2022-03-27,1,955,,2101,444,2022-03-25
2278,2861,Cancelled,2022-03-25,2022-03-26,1,73,,4484,948,2022-03-25
2673,6513,Stayed,2022-03-25,2022-03-26,1,655,,3054,646,2022-03-25
2645,9298,Cancelled,2022-03-25,2022-03-26,1,58,,2859,605,2022-03-25
2709,11069,Stayed,2022-03-25,2022-03-26,1,693,,3444,728,2022-03-25
2327,28245,Cancelled,2022-05-23,2022-05-25,2,296,,14555,3202,2022-03-25
2556,57736,Cancelled,2022-04-01,2022-04-05,1,848,,11092,2440,2022-03-25
2679,62188,Cancelled,2022-03-25,2022-03-27,1,478,,6042,1278,2022-03-25
2494,69202,Stayed,2022-03-25,2022-03-26,1,207,,2534,536,2022-03-25
2719,81775,No Show,2022-04-06,2022-04-07,1,704,,2674,565,2022-03-25
2222,111743,Cancelled,2022-03-25,2022-03-26,1,220,,2014,426,2022-03-25
2890,115308,Stayed,2022-03-25,2022-03-27,1,44,,5262,1335,2022-03-25
2558,123857,Stayed,2022-03-25,2022-03-26,1,131,,2794,591,2022-03-25
2178,141329,No Show,2022-03-25,2022-03-26,1,83,,3501,740,2022-03-25
2702,185711,Stayed,2022-03-25,2022-03-26,1,703,,3249,688,2022-03-25
2228,188854,Stayed,2022-03-27,2022-03-28,1,315,,3296,697,2022-03-25
2761,188922,Stayed,2022-03-25,2022-03-26,2,697,,5457,1155,2022-03-25
2762,188922,Cancelled,2022-03-25,2022-03-26,1,697,,3379,715,2022-03-25
2227,189735,Stayed,2022-04-18,2022-04-19,1,315,,3050,646,2022-03-25
2883,2583,Stayed,2022-03-27,2022-03-28,1,685,,1819,385,2022-03-26
2623,3177,Stayed,2022-03-26,2022-03-27,1,77,,2050,433,2022-03-26
2600,4121,No Show,2022-03-26,2022-03-27,1,176,,2314,490,2022-03-26
2896,9330,Cancelled,2022-03-27,2022-03-30,1,772,,9029,1910,2022-03-26
2897,9330,Stayed,2022-03-26,2022-03-27,1,772,,2794,591,2022-03-26
2599,13091,Stayed,2022-03-27,2022-03-28,1,176,,2300,486,2022-03-26
2601,13091,Stayed,2022-03-26,2022-03-27,1,176,,2245,475,2022-03-26
2310,13982,Cancelled,2022-03-30,2022-03-31,1,301,,2664,677,2022-03-26
2195,15976,Cancelled,2022-03-28,2022-03-29,1,757,,2460,520,2022-03-26
2493,18465,Stayed,2022-03-26,2022-03-27,1,207,,2469,523,2022-03-26
2813,19274,No Show,2022-03-27,2022-03-30,1,335,,10979,2787,2022-03-26
2557,20992,Stayed,2022-03-26,2022-03-27,1,131,,2079,440,2022-03-26
2506,55794,Cancelled,2022-03-27,2022-03-28,1,629,,1364,288,2022-03-26
2126,57801,Stayed,2022-03-26,2022-03-27,1,161,,1993,421,2022-03-26
2357,63511,Stayed,2022-03-26,2022-03-27,1,366,,1912,405,2022-03-26
2627,64360,Cancelled,2022-03-28,2022-03-29,1,364,,2664,563,2022-03-26
2906,64828,Cancelled,2022-03-27,2022-03-28,1,677,,1934,409,2022-03-26
2907,64828,Stayed,2022-03-26,2022-03-27,1,677,,2075,439,2022-03-26
2017,66762,Stayed,2022-04-01,2022-04-02,1,109,,3249,688,2022-03-26
2373,103992,Stayed,2022-03-28,2022-03-29,1,579,,1819,462,2022-03-26
2213,128523,Cancelled,2022-03-26,2022-03-27,1,888,,3388,717,2022-03-26
2672,129377,Stayed,2022-03-26,2022-03-27,1,655,,2599,550,2022-03-26
2127,134930,Cancelled,2022-03-26,2022-03-31,1,161,,9237,1954,2022-03-26
2340,136094,Cancelled,2022-03-27,2022-03-28,1,716,,3509,772,2022-03-26
2569,166113,Stayed,2022-03-26,2022-03-27,1,653,,1819,385,2022-03-26
2505,187982,Stayed,2022-03-27,2022-03-28,1,629,,1624,358,2022-03-26
2001,189314,Cancelled,2022-04-02,2022-04-03,1,252,,3215,680,2022-03-26
2668,195442,Stayed,2022-03-27,2022-03-28,1,522,,1819,385,2022-03-26
2479,197733,Stayed,2022-03-26,2022-03-27,1,13,,2404,508,2022-03-26
2708,11069,Stayed,2022-03-27,2022-03-28,1,693,,2599,550,2022-03-27
2050,47827,Stayed,2022-03-27,2022-03-28,1,468,,2491,527,2022-03-27
2124,57801,Stayed,2022-03-27,2022-03-28,1,161,,1639,347,2022-03-27
2408,60327,Cancelled,2022-03-27,2022-03-28,1,74,,2209,468,2022-03-27
2431,70262,Stayed,2022-03-27,2022-03-28,1,33,,1169,248,2022-03-27
2064,71382,Stayed,2022-04-03,2022-04-04,1,486,,2664,712,2022-03-27
2429,75155,Stayed,2022-03-28,2022-03-29,1,33,,1494,316,2022-03-27
2905,85588,Stayed,2022-03-27,2022-03-28,1,677,,1594,338,2022-03-27
2139,87768,Stayed,2022-03-28,2022-03-29,1,248,,2859,605,2022-03-27
2007,89798,Stayed,2022-03-30,2022-04-02,1,571,,13190,3348,2022-03-27
2110,96585,Stayed,2022-04-06,2022-04-07,1,295,,2859,629,2022-03-27
2125,98247,Stayed,2022-03-27,2022-03-28,1,161,,1871,396,2022-03-27
2382,107937,Cancelled,2022-03-28,2022-03-29,1,298,,2404,611,2022-03-27
2888,115308,Stayed,2022-03-28,2022-03-29,1,44,,2014,426,2022-03-27
2889,115308,Stayed,2022-03-27,2022-03-28,1,44,,1949,413,2022-03-27
2348,115430,Stayed,2022-03-27,2022-03-28,1,25,,2891,612,2022-03-27
2827,118644,Stayed,2022-03-28,2022-03-30,1,188,,4612,976,2022-03-27
2378,129675,Stayed,2022-03-30,2022-04-01,1,187,,8252,1746,2022-03-27
2767,137032,Stayed,2022-03-27,2022-03-28,1,139,,1763,373,2022-03-27
2644,146622,Cancelled,2022-03-28,2022-03-29,1,58,,2014,426,2022-03-27
2721,148025,Stayed,2022-03-27,2022-03-28,1,704,,2521,534,2022-03-27
2503,152174,Cancelled,2022-04-03,2022-04-06,1,629,,5195,1099,2022-03-27
2158,169072,Stayed,2022-03-28,2022-03-29,1,84,,1624,343,2022-03-27
2297,189377,Stayed,2022-04-01,2022-04-02,1,357,,4549,963,2022-03-27
2826,2057,Cancelled,2022-03-29,2022-03-30,1,803,,4939,1087,2022-03-28
2262,4377,Stayed,2022-03-28,2022-03-29,1,883,,3588,911,2022-03-28
2459,10629,Stayed,2022-03-28,2022-03-29,1,305,,1039,220,2022-03-28
2598,13091,Stayed,2022-03-28,2022-03-29,1,176,,1473,311,2022-03-28
2468,13959,Stayed,2022-03-29,2022-03-30,1,449,,2192,464,2022-03-28
2347,51009,Stayed,2022-04-03,2022-04-05,1,25,,5837,1235,2022-03-28
2639,83178,Cancelled,2022-05-06,2022-05-07,1,58,,2534,536,2022-03-28
2430,88424,Stayed,2022-03-28,2022-03-29,1,33,,1364,288,2022-03-28
2267,99465,Stayed,2022-04-09,2022-04-13,1,473,,10135,2230,2022-03-28
2706,99730,Cancelled,2022-04-01,2022-04-05,1,277,,10847,2386,2022-03-28
2684,106867,Stayed,2022-03-30,2022-04-01,2,702,,7535,1658,2022-03-28
2671,110650,Stayed,2022-03-29,2022-03-30,1,323,,2079,440,2022-03-28
2175,113777,Stayed,2022-03-28,2022-03-29,1,83,,1798,381,2022-03-28
2362,129595,Cancelled,2022-04-01,2022-04-05,1,370,,8934,1890,2022-03-28
2369,129595,Cancelled,2022-04-01,2022-04-05,1,960,,8528,1804,2022-03-28
2233,134413,Cancelled,2022-04-01,2022-04-02,1,315,,4125,872,2022-03-28
2765,137032,No Show,2022-03-28,2022-03-29,1,139,,1921,407,2022-03-28
2766,137032,Stayed,2022-03-28,2022-03-29,1,139,,1386,294,2022-03-28
2861,140493,No Show,2022-03-28,2022-03-29,3,162,,6299,1332,2022-03-28
2642,146622,Stayed,2022-03-28,2022-03-29,1,58,,1819,385,2022-03-28
2643,146622,Cancelled,2022-03-28,2022-03-29,1,58,,1884,398,2022-03-28
2352,147059,Cancelled,2022-03-28,2022-03-29,1,49,,2404,529,2022-03-28
2738,148275,Stayed,2022-03-28,2022-03-29,1,169,,1039,220,2022-03-28
2759,149015,Stayed,2022-03-28,2022-03-29,3,124,,6317,1389,2022-03-28
2038,175955,Stayed,2022-03-28,2022-03-29,1,195,,2022,428,2022-03-28
2882,180388,Stayed,2022-03-29,2022-03-30,1,685,,1884,398,2022-03-28
2535,183580,Cancelled,2022-03-28,2022-03-29,1,515,,2014,512,2022-03-28
2562,195442,Stayed,2022-03-28,2022-03-29,1,466,,1495,317,2022-03-28
2426,9858,Stayed,2022-03-29,2022-04-03,1,33,,7209,1525,2022-03-29
2517,29269,Stayed,2022-03-29,2022-03-30,1,955,,1594,338,2022-03-29
2504,29704,Stayed,2022-03-29,2022-03-30,1,629,,1754,371,2022-03-29
2809,43285,Stayed,2022-03-30,2022-03-31,1,885,,2339,515,2022-03-29
2356,46975,Stayed,2022-03-29,2022-03-30,1,366,,2106,446,2022-03-29
2081,52458,Stayed,2022-03-31,2022-04-07,1,402,,11166,2362,2022-03-29
2678,62188,Stayed,2022-03-30,2022-03-31,1,478,,2079,440,2022-03-29
2567,74860,Cancelled,2022-04-02,2022-04-03,1,653,,2404,508,2022-03-29
2943,78365,Stayed,2022-03-29,2022-03-31,1,619,,3637,770,2022-03-29
2810,79414,Stayed,2022-03-29,2022-03-30,1,885,,2014,426,2022-03-29
2182,82881,Cancelled,2022-04-14,2022-04-17,1,106,,10526,2226,2022-03-29
2805,92430,Cancelled,2022-03-31,2022-04-01,1,183,,2274,481,2022-03-29
2793,100336,Stayed,2022-03-29,2022-03-30,1,226,,2795,0,2022-03-29
2094,106210,Cancelled,2022-03-30,2022-03-31,1,274,,2014,443,2022-03-29
2942,126588,Stayed,2022-03-29,2022-03-30,1,211,,3704,783,2022-03-29
2811,127103,Stayed,2022-03-29,2022-03-30,1,885,,1884,398,2022-03-29
2670,128524,Stayed,2022-03-30,2022-03-31,1,323,,2079,440,2022-03-29
2186,132459,Stayed,2022-03-29,2022-03-30,1,244,,1712,362,2022-03-29
2918,132542,Stayed,2022-03-29,2022-03-30,1,663,,2392,607,2022-03-29
2715,141740,Stayed,2022-03-29,2022-03-30,1,345,,1819,385,2022-03-29
2261,145651,Stayed,2022-03-30,2022-03-31,1,883,,3588,759,2022-03-29
2641,146622,Stayed,2022-03-29,2022-03-30,1,58,,1754,371,2022-03-29
2758,149015,Stayed,2022-03-29,2022-03-30,3,124,,6317,1389,2022-03-29
2835,153825,Stayed,2022-04-03,2022-04-05,1,96,,8577,1815,2022-03-29
2289,158427,Stayed,2022-04-03,2022-04-05,1,427,,9097,2001,2022-03-29
2290,158427,Stayed,2022-04-02,2022-04-05,1,427,,13322,3381,2022-03-29
2292,158427,Cancelled,2022-04-02,2022-04-03,2,427,,8447,2144,2022-03-29
2417,160722,Stayed,2022-03-29,2022-03-30,1,263,,1494,316,2022-03-29
2194,191727,Stayed,2022-03-29,2022-03-30,1,757,,1859,472,2022-03-29
2058,192119,Stayed,2022-04-01,2022-04-02,1,194,,2079,440,2022-03-29
2614,6284,Stayed,2022-03-31,2022-04-01,1,239,,1888,399,2022-03-30
2741,18979,Cancelled,2022-03-31,2022-04-02,1,724,,5541,1173,2022-03-30
2428,19536,Stayed,2022-03-31,2022-04-01,1,33,,1786,378,2022-03-30
2860,21661,Stayed,2022-03-30,2022-03-31,1,162,,2766,585,2022-03-30
2800,21716,Cancelled,2022-04-25,2022-04-26,1,267,,6369,1348,2022-03-30
2063,24582,Stayed,2022-04-01,2022-04-02,1,160,,2859,605,2022-03-30
2405,25479,Cancelled,2022-04-01,2022-04-04,1,74,,7796,1649,2022-03-30
2597,31136,Stayed,2022-03-30,2022-03-31,1,176,,1594,338,2022-03-30
2368,33558,Stayed,2022-03-31,2022-04-01,1,960,,1560,343,2022-03-30
2831,49071,Stayed,2022-04-01,2022-04-03,1,117,,9877,2090,2022-03-30
2123,57801,Stayed,2022-03-30,2022-03-31,1,161,,1819,385,2022-03-30
2090,59986,Stayed,2022-03-30,2022-03-31,1,383,,2209,468,2022-03-30
2677,62188,Cancelled,2022-03-31,2022-04-01,1,478,,2014,426,2022-03-30
2957,69680,Cancelled,2022-03-31,2022-04-01,1,853,,3964,838,2022-03-30
2355,99420,Stayed,2022-03-30,2022-03-31,1,366,,1794,380,2022-03-30
2516,119112,Cancelled,2022-04-02,2022-04-03,1,955,,2053,435,2022-03-30
2464,122482,Cancelled,2022-03-30,2022-03-31,1,37,,1689,358,2022-03-30
2837,124446,Cancelled,2022-04-03,2022-04-05,1,545,,10137,2145,2022-03-30
2937,126588,Stayed,2022-03-30,2022-03-31,1,211,,3379,715,2022-03-30
2932,136459,Cancelled,2022-03-30,2022-03-31,1,648,,1733,366,2022-03-30
2328,139495,Stayed,2022-04-16,2022-04-18,1,421,,5598,1232,2022-03-30
2744,147516,Stayed,2022-03-30,2022-03-31,1,724,,1871,411,2022-03-30
2757,149015,Stayed,2022-03-30,2022-03-31,3,124,,6317,1389,2022-03-30
2066,149163,Stayed,2022-03-30,2022-03-31,1,486,,1754,371,2022-03-30
2067,149163,Stayed,2022-03-30,2022-03-31,3,486,,5651,1196,2022-03-30
2720,153931,Stayed,2022-03-30,2022-03-31,1,704,,1875,397,2022-03-30
2696,163662,Stayed,2022-04-04,2022-04-05,1,877,,2599,550,2022-03-30
2640,167053,Stayed,2022-03-30,2022-03-31,1,58,,1819,385,2022-03-30
2065,169072,Stayed,2022-03-31,2022-04-01,1,486,,2144,453,2022-03-30
2548,173979,Stayed,2022-03-31,2022-04-01,1,181,,1656,351,2022-03-30
2052,183383,Stayed,2022-03-30,2022-03-31,1,468,,2924,618,2022-03-30
2150,186707,Stayed,2022-06-22,2022-06-25,1,385,,10721,2268,2022-03-30
2705,194874,Stayed,2022-03-30,2022-04-01,1,979,,4937,1045,2022-03-30
2714,199674,Cancelled,2022-04-01,2022-04-02,1,345,,3020,767,2022-03-30
2661,13951,No Show,2022-03-31,2022-04-01,2,365,,2597,0,2022-03-31
2760,15841,Stayed,2022-04-01,2022-04-02,2,932,,3767,798,2022-03-31
2088,19960,Stayed,2022-04-01,2022-04-02,1,405,,5004,1058,2022-03-31
2404,22534,Cancelled,2022-03-31,2022-04-02,2,74,,8575,1814,2022-03-31
2542,25797,Cancelled,2022-03-31,2022-04-01,2,523,,4677,1029,2022-03-31
2152,26389,Stayed,2022-03-31,2022-04-01,1,154,,2014,426,2022-03-31
2904,34066,Cancelled,2022-03-31,2022-04-01,1,677,,2100,462,2022-03-31
2427,39801,Cancelled,2022-04-02,2022-04-03,1,33,,1884,398,2022-03-31
2223,53008,Stayed,2022-04-01,2022-04-02,1,299,,3314,701,2022-03-31
2296,55188,Stayed,2022-04-01,2022-04-02,1,357,,3769,829,2022-03-31
2107,57569,Stayed,2022-04-01,2022-04-04,1,944,,9122,1929,2022-03-31
2120,57801,Cancelled,2022-04-02,2022-04-03,1,161,,2280,483,2022-03-31
2121,57801,Stayed,2022-03-31,2022-04-01,1,161,,1929,408,2022-03-31
2122,57801,Cancelled,2022-04-01,2022-04-02,1,161,,2872,607,2022-03-31
2247,66504,Stayed,2022-04-01,2022-04-03,3,309,,14422,3051,2022-03-31
2691,71766,Stayed,2022-03-31,2022-04-01,1,505,,1624,343,2022-03-31
2458,75174,Stayed,2022-03-31,2022-04-01,1,305,,1299,275,2022-03-31
2002,77901,Stayed,2022-04-01,2022-04-02,1,252,,2675,567,2022-03-31
2183,82026,Stayed,2022-03-31,2022-04-01,1,106,,1949,413,2022-03-31
2613,85412,Stayed,2022-03-31,2022-04-01,1,239,,1888,399,2022-03-31
2198,86713,Stayed,2022-03-31,2022-04-01,1,691,,1594,338,2022-03-31
2416,94477,Stayed,2022-03-31,2022-04-01,1,263,,1819,385,2022-03-31
2649,113889,Stayed,2022-03-31,2022-04-01,1,448,,1689,358,2022-03-31
2157,124236,Stayed,2022-04-01,2022-04-03,1,84,,5067,1114,2022-03-31
2936,126588,Stayed,2022-03-31,2022-04-01,1,211,,3639,770,2022-03-31
2147,139399,Cancelled,2022-04-12,2022-04-16,1,760,,9677,2456,2022-03-31
2329,139495,Cancelled,2022-04-16,2022-04-18,1,421,,5598,1185,2022-03-31
2859,140493,No Show,2022-03-31,2022-04-01,2,162,,4586,970,2022-03-31
2568,145744,Stayed,2022-03-31,2022-04-01,1,653,,1884,398,2022-03-31
2695,156140,Cancelled,2022-04-04,2022-04-05,2,997,,8642,2193,2022-03-31
2224,170335,Stayed,2022-03-31,2022-04-01,1,299,,2989,633,2022-03-31
2492,179789,Stayed,2022-03-31,2022-04-01,1,207,,1429,303,2022-03-31
2755,180731,Stayed,2022-04-01,2022-04-02,1,124,,2414,510,2022-03-31
2051,183383,Stayed,2022-03-31,2022-04-01,1,468,,2924,618,2022-03-31
2298,195863,Cancelled,2022-04-01,2022-04-02,1,357,,3769,798,2022-03-31
,,,,,,,,,,
,,,,,,,,,,
